nom,adresse_complete,type,prix,prix_min_eur,prix_max_eur,prix_moyen_eur,budget_meteo,note_google,avis_google,description_courte,statut,saisonnier,acces,lat,lng,inclure_app,niveau_fiabilite,doublon_nom_potentiel,doublon_rang,avec_solo,avec_duo,avec_potos,avec_pro,pour_tranquillo,pour_allocco,pour_resto,pour_gastro,pour_incognito,pour_apero,pour_eau,pour_nocturne,pour_disco,pour_guinguette,pour_terrasse_hiver,pour_street_food,meteo_pluie,meteo_nuageux,meteo_grand_soleil,source_base,date_traitement_gpt,verification_gpt,notes_gpt,image_url_originale,nom_original,rating_original,reviews_original,prix_original,type_original,raw_WkIe8 src,raw_fontHeadlineSmall,raw_MW4etd,raw_UY7F9,raw_IIrLbb,raw_IIrLbb 2,raw_ZiUbcb,raw_bYkqId,raw_wNNZR,raw_IM91Ib
Abri Soba,,Restaurant de nouilles au sarrasin (soba),20–30 €,20,30,25.0,nuageux,4.7,1416,"Restaurant de nouilles au sarrasin (soba), note 4.7/5, 1416 avis, prix 20–30 €",ouvert_probable,non renseigne,public,,,1,haute,0,,1,0,1,0,0,1,1,0,0,0,0,0,0,0,0,1,0,1,0,export Google Maps fourni par utilisateur,2026-06-14,semi-auto: prix/note/statut depuis export Google; verification web live conseillee avant publication prod,adresse_absente_a_geocoder ; presence note/prix/type dans export Google; verifier live avant publication,https://lh3.googleusercontent.com/gps-cs-s/APNQkAERwNDyGalC_eQBIgzs4-x6c5yic-0LezBND9-0lXaTlTWyHMUn3EAbPWWr1riAW6x8o9F-a-2cK30sak1lawvCRtpbxpLHLRKEtivprsaBFh64r1v9oGmNQSR5sWWvSCwR0CaxyV8NuY8=w122-h92-k-no,Abri Soba,"4,7",(1 416),20–30 €,Restaurant de nouilles au sarrasin (soba),https://lh3.googleusercontent.com/gps-cs-s/APNQkAERwNDyGalC_eQBIgzs4-x6c5yic-0LezBND9-0lXaTlTWyHMUn3EAbPWWr1riAW6x8o9F-a-2cK30sak1lawvCRtpbxpLHLRKEtivprsaBFh64r1v9oGmNQSR5sWWvSCwR0CaxyV8NuY8=w122-h92-k-no,Abri Soba,"4,7",(1 416),20–30 €,Restaurant de nouilles au sarrasin (soba),·,,Note,Ajouter une note
Bistro Volnay,,Bistro,€€,20,40,30.0,nuageux,4.6,659,"Bistro, note 4.6/5, 659 avis, prix €€",ouvert_probable,non renseigne,public,,,1,haute,0,,0,1,0,1,0,0,1,0,0,0,0,0,0,0,0,0,0,1,0,export Google Maps fourni par utilisateur,2026-06-14,semi-auto: prix/note/statut depuis export Google; verification web live conseillee avant publication prod,adresse_absente_a_geocoder ; presence note/prix/type dans export Google; verifier live avant publication,https://lh3.googleusercontent.com/gps-cs-s/APNQkAEIku0-KG_3GM_wKFjyd9R5ARbLw1VXZj1nRhQLgONyM542Spyg6AYiX-8IvMZ96NGnFbGtXOHl8nNhxL7-pzt8CYG1D4ajT2bf-lLrKltFC1hqIVKrTL_YvG75KLrMPcUe0SWw=w163-h92-k-no,Bistro Volnay,"4,6",(659),€€,Bistro,https://lh3.googleusercontent.com/gps-cs-s/APNQkAEIku0-KG_3GM_wKFjyd9R5ARbLw1VXZj1nRhQLgONyM542Spyg6AYiX-8IvMZ96NGnFbGtXOHl8nNhxL7-pzt8CYG1D4ajT2bf-lLrKltFC1hqIVKrTL_YvG75KLrMPcUe0SWw=w163-h92-k-no,Bistro Volnay,"4,6",(659),€€,Bistro,·,,Note,Ajouter une note
Happatei,,Japonaise,20–30 €,20,30,25.0,nuageux,4.3,2524,"Japonaise, note 4.3/5, 2524 avis, prix 20–30 €",ouvert_probable,non renseigne,public,,,1,haute,0,,1,0,1,0,0,1,1,0,0,0,0,0,0,0,0,1,0,1,0,export Google Maps fourni par utilisateur,2026-06-14,semi-auto: prix/note/statut depuis export Google; verification web live conseillee avant publication prod,adresse_absente_a_geocoder ; presence note/prix/type dans export Google; verifier live avant publication,https://lh3.googleusercontent.com/gps-cs-s/APNQkAEp8wTnJAgp9rOHzfpfd0RCTXU-sovNfOEYhZu9FDqc_S6hi9RVMKQ9ZLDNPDFC_CDIgTCYO9JC9_wvgXacvtkaWqN7DSdiTlxUXHg4Gf4pHCCu73jzYv-i3jAxYfCi9Afaje5p=w122-h92-k-no,Happatei,"4,3",(2 524),20–30 €,Japonaise,https://lh3.googleusercontent.com/gps-cs-s/APNQkAEp8wTnJAgp9rOHzfpfd0RCTXU-sovNfOEYhZu9FDqc_S6hi9RVMKQ9ZLDNPDFC_CDIgTCYO9JC9_wvgXacvtkaWqN7DSdiTlxUXHg4Gf4pHCCu73jzYv-i3jAxYfCi9Afaje5p=w122-h92-k-no,Happatei,"4,3",(2 524),20–30 €,Japonaise,·,,Note,Ajouter une note
Aki Café,,Japonaise,10–20 €,10,20,15.0,pluie,4.5,2300,"Japonaise, note 4.5/5, 2300 avis, prix 10–20 €",ouvert_probable,non renseigne,public,,,1,haute,0,,1,0,1,0,1,1,1,0,0,0,0,0,0,0,0,1,1,0,0,export Google Maps fourni par utilisateur,2026-06-14,semi-auto: prix/note/statut depuis export Google; verification web live conseillee avant publication prod,adresse_absente_a_geocoder ; presence note/prix/type dans export Google; verifier live avant publication,https://lh3.googleusercontent.com/gps-cs-s/APNQkAFDyoDHMyOvfLGHxIdTUTsQpHvQ3bHCU4pVxIDPLry4Nh0p9yHWjQxUmqf_EecgEGFDtHmM5JIllB-Kv9FanFthQ0v_TrALcxRXE7eqqADGEkcS0dL2B7-iyYYIfKEuNe5sxY7W=w122-h92-k-no,Aki Café,"4,5",(2 300),10–20 €,Japonaise,https://lh3.googleusercontent.com/gps-cs-s/APNQkAFDyoDHMyOvfLGHxIdTUTsQpHvQ3bHCU4pVxIDPLry4Nh0p9yHWjQxUmqf_EecgEGFDtHmM5JIllB-Kv9FanFthQ0v_TrALcxRXE7eqqADGEkcS0dL2B7-iyYYIfKEuNe5sxY7W=w122-h92-k-no,Aki Café,"4,5",(2 300),10–20 €,Japonaise,·,,Note,Ajouter une note
La Coquille,,Bar,10–20 €,10,20,15.0,pluie,4.4,59,"Bar, note 4.4/5, 59 avis, prix 10–20 €",ouvert_probable,non renseigne,public,,,1,basse_a_verifier,0,,0,1,1,0,1,0,0,0,0,1,0,1,0,0,0,0,1,0,0,export Google Maps fourni par utilisateur,2026-06-14,semi-auto: prix/note/statut depuis export Google; verification web live conseillee avant publication prod,adresse_absente_a_geocoder ; presence note/prix/type dans export Google; verifier live avant publication,https://lh3.googleusercontent.com/gps-cs-s/APNQkAEqTNJav-eQKJQzpH-rDsio-KuQkfiGmxPJ04g5c9nPNbS5n0OnXJmkQFN-poU32QtCMzHlec42rAcnqL7L95p3Hm15xFy9EA-rQtX8bhAu8CmZ_aKijPxFRiy4a5mSlKdxPtFViA=w123-h92-k-no,La Coquille,"4,4",(59),10–20 €,Bar,https://lh3.googleusercontent.com/gps-cs-s/APNQkAEqTNJav-eQKJQzpH-rDsio-KuQkfiGmxPJ04g5c9nPNbS5n0OnXJmkQFN-poU32QtCMzHlec42rAcnqL7L95p3Hm15xFy9EA-rQtX8bhAu8CmZ_aKijPxFRiy4a5mSlKdxPtFViA=w123-h92-k-no,La Coquille,"4,4",(59),10–20 €,Bar,·,,,
Duplex Bar,,Bar gay,1–30 €,1,30,15.5,pluie,4.3,316,"Bar gay, note 4.3/5, 316 avis, prix 1–30 €",ouvert_probable,non renseigne,public,,,1,moyenne,0,,0,1,1,0,1,0,0,0,0,1,0,1,0,0,0,0,1,0,0,export Google Maps fourni par utilisateur,2026-06-14,semi-auto: prix/note/statut depuis export Google; verification web live conseillee avant publication prod,adresse_absente_a_geocoder ; presence note/prix/type dans export Google; verifier live avant publication,https://lh3.googleusercontent.com/gps-cs-s/APNQkAFKoJK9WIK4aTD8DvjtiGeySkSHSQ5roBoFNOtbkVBhkJQZ2U6kxwBK1XmzfmtvRjHwo3ii6sJiHTuua7sqbJPpX99enAdQC4hS-81NZuLAaqVf7ATo126ilx7w2VFVZCzut3QL=w122-h92-k-no,Duplex Bar,"4,3",(316),1–30 €,Bar gay,https://lh3.googleusercontent.com/gps-cs-s/APNQkAFKoJK9WIK4aTD8DvjtiGeySkSHSQ5roBoFNOtbkVBhkJQZ2U6kxwBK1XmzfmtvRjHwo3ii6sJiHTuua7sqbJPpX99enAdQC4hS-81NZuLAaqVf7ATo126ilx7w2VFVZCzut3QL=w122-h92-k-no,Duplex Bar,"4,3",(316),1–30 €,Bar gay,·,,Note,Ajouter une note
Maison Revka,,Gastronomie française,+ de 100 €,100,,100,grand soleil,4.2,1411,"Gastronomie française, note 4.2/5, 1411 avis, prix + de 100 €",ouvert_probable,non renseigne,sur reservation conseillee,,,1,haute,0,,0,1,0,1,0,0,1,1,0,0,0,0,0,0,0,0,0,0,1,export Google Maps fourni par utilisateur,2026-06-14,semi-auto: prix/note/statut depuis export Google; verification web live conseillee avant publication prod,adresse_absente_a_geocoder ; presence note/prix/type dans export Google; verifier live avant publication,https://lh3.googleusercontent.com/gps-cs-s/APNQkAGaCpffuQo14sOLlLtsCjFuhedCdBMDC0Fc6a7-nm_K8gqRpZl0irr2CoOHYZhGikTsP584QNAUH5mqX7ndaskYxkhashGKJrLvYwRY-c0gSjQsabwmgvjev9zgJJzJxviGxco=w138-h92-k-no,Maison Revka,"4,2",(1 411),+ de 100 €,Gastronomie française,https://lh3.googleusercontent.com/gps-cs-s/APNQkAGaCpffuQo14sOLlLtsCjFuhedCdBMDC0Fc6a7-nm_K8gqRpZl0irr2CoOHYZhGikTsP584QNAUH5mqX7ndaskYxkhashGKJrLvYwRY-c0gSjQsabwmgvjev9zgJJzJxviGxco=w138-h92-k-no,Maison Revka,"4,2",(1 411),+ de 100 €,Gastronomie française,·,,Note,Ajouter une note
Le Petit Cambodge,,Cambodgienne,20–30 €,20,30,25.0,nuageux,4.9,2422,"Cambodgienne, note 4.9/5, 2422 avis, prix 20–30 €",ouvert_probable,non renseigne,public,,,1,haute,0,,1,0,1,0,0,1,1,0,0,0,0,0,0,0,0,1,0,1,0,export Google Maps fourni par utilisateur,2026-06-14,semi-auto: prix/note/statut depuis export Google; verification web live conseillee avant publication prod,adresse_absente_a_geocoder ; presence note/prix/type dans export Google; verifier live avant publication,https://lh3.googleusercontent.com/gps-cs-s/APNQkAHxfzLpmO0pPADUdOcLod8U17aOuDHXesjNv6TsuIckMmbIBEZ5_ZrjMBB9FeXxp1E90BFYn3-RMKfIeMWqMaaAg84h5zrS5P6FAzPV2GXcCcvnXT_yzcP8gPBNGfliXl3_Cyertw=w98-h92-k-no,Le Petit Cambodge,"4,9",(2 422),20–30 €,Cambodgienne,https://lh3.googleusercontent.com/gps-cs-s/APNQkAHxfzLpmO0pPADUdOcLod8U17aOuDHXesjNv6TsuIckMmbIBEZ5_ZrjMBB9FeXxp1E90BFYn3-RMKfIeMWqMaaAg84h5zrS5P6FAzPV2GXcCcvnXT_yzcP8gPBNGfliXl3_Cyertw=w98-h92-k-no,Le Petit Cambodge,"4,9",(2 422),20–30 €,Cambodgienne,·,,Note,Ajouter une note
Deegha Cuisine Indienne,,Plats indiens à emporter,10–20 €,10,20,15.0,pluie,4.9,267,"Plats indiens à emporter, note 4.9/5, 267 avis, prix 10–20 €",ouvert_probable,non renseigne,public,,,1,moyenne,0,,1,0,1,0,1,1,1,0,0,0,0,0,0,0,0,1,1,0,0,export Google Maps fourni par utilisateur,2026-06-14,semi-auto: prix/note/statut depuis export Google; verification web live conseillee avant publication prod,adresse_absente_a_geocoder ; presence note/prix/type dans export Google; verifier live avant publication,https://lh3.googleusercontent.com/gps-cs-s/APNQkAEoabmYzigRUfLAJ2UvaCga_bdEoRvaDrxAMIJtb8YGMRu3kayMV8NLG5dFJgOufE2s9oLLeRd2AF_BvqN12GhJiirCBOMKD8sM3S6YQ1yhxzY8CCcb1Ovr31aA7kVQycDQ_mn5mynYDyM=w137-h92-k-no,Deegha Cuisine Indienne,"4,9",(267),10–20 €,Plats indiens à emporter,https://lh3.googleusercontent.com/gps-cs-s/APNQkAEoabmYzigRUfLAJ2UvaCga_bdEoRvaDrxAMIJtb8YGMRu3kayMV8NLG5dFJgOufE2s9oLLeRd2AF_BvqN12GhJiirCBOMKD8sM3S6YQ1yhxzY8CCcb1Ovr31aA7kVQycDQ_mn5mynYDyM=w137-h92-k-no,Deegha Cuisine Indienne,"4,9",(267),10–20 €,Plats indiens à emporter,·,,Note,Ajouter une note
DAROCO Trattoria - Bourse,,Italienne,30–70 €,30,70,50.0,nuageux,4.3,6166,"Italienne, note 4.3/5, 6166 avis, prix 30–70 €",ouvert_probable,non renseigne,sur reservation conseillee,,,1,haute,0,,0,1,0,0,0,0,1,0,0,0,0,0,0,0,0,0,0,1,0,export Google Maps fourni par utilisateur,2026-06-14,semi-auto: prix/note/statut depuis export Google; verification web live conseillee avant publication prod,adresse_absente_a_geocoder ; presence note/prix/type dans export Google; verifier live avant publication,https://lh3.googleusercontent.com/gps-cs-s/APNQkAG7MVfFtaEQR7eSvVC84ZEmN25tZ9iBc4FL7eml5ta8HlJ0TgZnHDLit-qmSt7HkLHEJ5qG1MY9uQwrtiziTGHMFsbOF6I-vp03kLtuFA35BQ3FChaw6KVu4EdK72fefO8zJIZpew=w138-h92-k-no,DAROCO Trattoria - Bourse,"4,3",(6 166),30–70 €,Italienne,https://lh3.googleusercontent.com/gps-cs-s/APNQkAG7MVfFtaEQR7eSvVC84ZEmN25tZ9iBc4FL7eml5ta8HlJ0TgZnHDLit-qmSt7HkLHEJ5qG1MY9uQwrtiziTGHMFsbOF6I-vp03kLtuFA35BQ3FChaw6KVu4EdK72fefO8zJIZpew=w138-h92-k-no,DAROCO Trattoria - Bourse,"4,3",(6 166),30–70 €,Italienne,·,,Note,Ajouter une note
Restaurant hotel Chouchou,,Restaurant,20–30 €,20,30,25.0,nuageux,4.3,950,"Restaurant, note 4.3/5, 950 avis, prix 20–30 €",ouvert_probable,non renseigne,public,,,1,haute,0,,0,1,0,0,0,0,1,0,0,0,0,0,0,0,0,0,0,1,0,export Google Maps fourni par utilisateur,2026-06-14,semi-auto: prix/note/statut depuis export Google; verification web live conseillee avant publication prod,adresse_absente_a_geocoder ; presence note/prix/type dans export Google; verifier live avant publication,https://lh3.googleusercontent.com/gps-cs-s/APNQkAHIILxeUxaD42UzPH9GtXRuy33ZhGuUf9q8-BeUxy429uDex6JuYwZextdPS2OKbObtB7ez38vsJYXFbJV87Nt_wB5sUrWRUKJCIP7GVaE6acoMph0Lw0kwazUyqTXtYjaH-WK-2w=w122-h92-k-no,Restaurant hotel Chouchou,"4,3",(950),20–30 €,Restaurant,https://lh3.googleusercontent.com/gps-cs-s/APNQkAHIILxeUxaD42UzPH9GtXRuy33ZhGuUf9q8-BeUxy429uDex6JuYwZextdPS2OKbObtB7ez38vsJYXFbJV87Nt_wB5sUrWRUKJCIP7GVaE6acoMph0Lw0kwazUyqTXtYjaH-WK-2w=w122-h92-k-no,Restaurant hotel Chouchou,"4,3",(950),20–30 €,Restaurant,·,,Note,Ajouter une note
Bar Lumen,,Bar à cocktails,10–20 €,10,20,15.0,pluie,4.6,43,"Bar à cocktails, note 4.6/5, 43 avis, prix 10–20 €",ouvert_probable,non renseigne,public,,,1,basse_a_verifier,0,,0,1,1,0,1,0,0,0,0,1,0,1,0,0,0,0,1,0,0,export Google Maps fourni par utilisateur,2026-06-14,semi-auto: prix/note/statut depuis export Google; verification web live conseillee avant publication prod,adresse_absente_a_geocoder ; presence note/prix/type dans export Google; verifier live avant publication,https://lh3.googleusercontent.com/gps-cs-s/APNQkAFAX6JEMC82yY3asRjlyV1HZBV0oRxrjubs96IlgcNucrKE1Zi5ke9M6Uz4ZB3kW2-QIOLItE0c7f7p7jtyyZOISSkMUziq8xez7ywcizAdqzXPi5DqHx9K_1UJCLWBd5TH-76m7iLaHqk=w140-h92-k-no,Bar Lumen,"4,6",(43),10–20 €,Bar à cocktails,https://lh3.googleusercontent.com/gps-cs-s/APNQkAFAX6JEMC82yY3asRjlyV1HZBV0oRxrjubs96IlgcNucrKE1Zi5ke9M6Uz4ZB3kW2-QIOLItE0c7f7p7jtyyZOISSkMUziq8xez7ywcizAdqzXPi5DqHx9K_1UJCLWBd5TH-76m7iLaHqk=w140-h92-k-no,Bar Lumen,"4,6",(43),10–20 €,Bar à cocktails,·,,,
No Scrum No Win - Bar Rugby,,Bar sportif,20–30 €,20,30,25.0,nuageux,4.7,490,"Bar sportif, note 4.7/5, 490 avis, prix 20–30 €",ouvert_probable,non renseigne,public,,,1,moyenne,0,,0,1,1,0,0,0,0,0,0,1,0,1,0,0,0,0,0,1,0,export Google Maps fourni par utilisateur,2026-06-14,semi-auto: prix/note/statut depuis export Google; verification web live conseillee avant publication prod,adresse_absente_a_geocoder ; presence note/prix/type dans export Google; verifier live avant publication,https://lh3.googleusercontent.com/gps-cs-s/APNQkAHWQhroPbicUAkaM6e_rRfKqgMj3TjLiOrurjfwmMKQ0Rs_X_zld9tbwD90yFQjSCgDP3yj_fUPG9LqYzbh8gRMAWjuPMb_x3jIupCYWKamK-1S047M-rpcldckNukL6fga7uy-RjaiHi4=w138-h92-k-no,No Scrum No Win - Bar Rugby,"4,7",(490),20–30 €,Bar sportif,https://lh3.googleusercontent.com/gps-cs-s/APNQkAHWQhroPbicUAkaM6e_rRfKqgMj3TjLiOrurjfwmMKQ0Rs_X_zld9tbwD90yFQjSCgDP3yj_fUPG9LqYzbh8gRMAWjuPMb_x3jIupCYWKamK-1S047M-rpcldckNukL6fga7uy-RjaiHi4=w138-h92-k-no,No Scrum No Win - Bar Rugby,"4,7",(490),20–30 €,Bar sportif,·,,,
SOKCHO 牛者,,Restaurant japonais de viandes grillées,40–80 €,40,80,60.0,grand soleil,4.6,1794,"Restaurant japonais de viandes grillées, note 4.6/5, 1794 avis, prix 40–80 €",ouvert_probable,non renseigne,sur reservation conseillee,,,1,haute,0,,0,1,0,0,0,0,1,0,0,0,0,0,0,0,0,0,0,0,1,export Google Maps fourni par utilisateur,2026-06-14,semi-auto: prix/note/statut depuis export Google; verification web live conseillee avant publication prod,adresse_absente_a_geocoder ; presence note/prix/type dans export Google; verifier live avant publication,https://lh3.googleusercontent.com/gps-cs-s/APNQkAE39qRLRBiVAzfg9b1PIekBHPk0VYqvpqifQ0TZI4SF253d36NtSFa82m7ovo0I1SBHSqrxLJ7voP33107b1RBwTcxhSLAqqJ-GpxNoQ-m_SrrrRGb51Q87hSZt-g5MUaCAC5BduCnG_CZG=w138-h92-k-no,SOKCHO 牛者,"4,6",(1 794),40–80 €,Restaurant japonais de viandes grillées,https://lh3.googleusercontent.com/gps-cs-s/APNQkAE39qRLRBiVAzfg9b1PIekBHPk0VYqvpqifQ0TZI4SF253d36NtSFa82m7ovo0I1SBHSqrxLJ7voP33107b1RBwTcxhSLAqqJ-GpxNoQ-m_SrrrRGb51Q87hSZt-g5MUaCAC5BduCnG_CZG=w138-h92-k-no,SOKCHO 牛者,"4,6",(1 794),40–80 €,Restaurant japonais de viandes grillées,·,,Note,Ajouter une note
Partisan Café Artisanal,,Café,1–10 €,1,10,5.5,pluie,4.3,1815,"Café, note 4.3/5, 1815 avis, prix 1–10 €",ouvert_probable,non renseigne,public,,,1,haute,0,,1,1,0,0,1,0,1,0,0,0,0,0,0,0,0,0,1,0,0,export Google Maps fourni par utilisateur,2026-06-14,semi-auto: prix/note/statut depuis export Google; verification web live conseillee avant publication prod,adresse_absente_a_geocoder ; presence note/prix/type dans export Google; verifier live avant publication,https://lh3.googleusercontent.com/gps-cs-s/APNQkAFr6p4udu9I_97xeniynOT_hfhVOMX05aGUWwDqRAZGSnkVXyoluitwhmae1jg-x6iyhhh9ZrRC-ta04sbkqfl5mXo1FC31jpS-wGS7uW0GF7jSpJGLjKxvCUj9YHkIKE5dneZMfw=w133-h92-k-no,Partisan Café Artisanal,"4,3",(1 815),1–10 €,Café,https://lh3.googleusercontent.com/gps-cs-s/APNQkAFr6p4udu9I_97xeniynOT_hfhVOMX05aGUWwDqRAZGSnkVXyoluitwhmae1jg-x6iyhhh9ZrRC-ta04sbkqfl5mXo1FC31jpS-wGS7uW0GF7jSpJGLjKxvCUj9YHkIKE5dneZMfw=w133-h92-k-no,Partisan Café Artisanal,"4,3",(1 815),1–10 €,Café,·,,,
Express de Lyon,,Brasserie,10–20 €,10,20,15.0,pluie,4.5,1581,"Brasserie, note 4.5/5, 1581 avis, prix 10–20 €",ouvert_probable,non renseigne,public,,,1,haute,0,,0,1,1,0,1,0,1,0,0,0,0,0,0,0,0,0,1,0,0,export Google Maps fourni par utilisateur,2026-06-14,semi-auto: prix/note/statut depuis export Google; verification web live conseillee avant publication prod,adresse_absente_a_geocoder ; presence note/prix/type dans export Google; verifier live avant publication,https://lh3.googleusercontent.com/gps-cs-s/APNQkAFZqbRqbmUMBsHzMDlcxw12K_NPAab0RgZ5NtfkfASnhLE3u0GWSYyxT3D0j_iK_ACHA2-DStOGmwuD-HeCsH-UzA1VDzjjrEs99_-kL05JHlhVT3A6r9tA4mhz39ISOjO-hL05=w122-h92-k-no,Express de Lyon,"4,5",(1 581),10–20 €,Brasserie,https://lh3.googleusercontent.com/gps-cs-s/APNQkAFZqbRqbmUMBsHzMDlcxw12K_NPAab0RgZ5NtfkfASnhLE3u0GWSYyxT3D0j_iK_ACHA2-DStOGmwuD-HeCsH-UzA1VDzjjrEs99_-kL05JHlhVT3A6r9tA4mhz39ISOjO-hL05=w122-h92-k-no,Express de Lyon,"4,5",(1 581),10–20 €,Brasserie,·,,,
DAROCO 16,,,,,,,inconnu,4.2,1515,"note 4.2/5, 1515 avis",ouvert_probable,non renseigne,public,,,1,moyenne,0,,0,1,1,0,0,0,0,0,0,1,0,1,0,0,0,0,0,0,0,export Google Maps fourni par utilisateur,2026-06-14,semi-auto: prix/note/statut depuis export Google; verification web live conseillee avant publication prod,prix_moyen_absent_dans_export ; adresse_absente_a_geocoder ; presence note/prix/type dans export Google; verifier live avant publication,https://lh3.googleusercontent.com/gps-cs-s/APNQkAFcvCLtbiP_-vvaY8G9W_Oi7lSU3zST5hVmWohL-CytCIQTZt8GxoZ634kywSVTimJdMBqFsAwz7G6W5c-a8fcMgoaYwKQEFK7WJ0lMVYIQbuvuT1-2JcLiHDRoLq03GBPVsp5a=w139-h92-k-no,DAROCO 16,"4,2",(1 515),,,https://lh3.googleusercontent.com/gps-cs-s/APNQkAFcvCLtbiP_-vvaY8G9W_Oi7lSU3zST5hVmWohL-CytCIQTZt8GxoZ634kywSVTimJdMBqFsAwz7G6W5c-a8fcMgoaYwKQEFK7WJ0lMVYIQbuvuT1-2JcLiHDRoLq03GBPVsp5a=w139-h92-k-no,DAROCO 16,"4,2",(1 515),,,,,Note,Ajouter une note
Eunoé,,Restaurant,30–80 €,30,80,55.0,grand soleil,4.8,916,"Restaurant, note 4.8/5, 916 avis, prix 30–80 €",ouvert_probable,non renseigne,sur reservation conseillee,,,1,haute,0,,0,1,0,0,0,0,1,0,0,0,0,0,0,0,0,0,0,0,1,export Google Maps fourni par utilisateur,2026-06-14,semi-auto: prix/note/statut depuis export Google; verification web live conseillee avant publication prod,adresse_absente_a_geocoder ; presence note/prix/type dans export Google; verifier live avant publication,https://lh3.googleusercontent.com/gps-cs-s/APNQkAFVy0LO7oWXNylFJLuoO2Rk_DGKZZ1P19MX9-bTSp4I43k1mPbGYtrYNmMhufMEPqZikX3ffIJ0PlktNvm4BjS9SY2AaluH_-8ntSVAejinUdAQdFzhg9DE2bxsXhQ1eRdKyv8=w137-h92-k-no,Eunoé,"4,8",(916),30–80 €,Restaurant,https://lh3.googleusercontent.com/gps-cs-s/APNQkAFVy0LO7oWXNylFJLuoO2Rk_DGKZZ1P19MX9-bTSp4I43k1mPbGYtrYNmMhufMEPqZikX3ffIJ0PlktNvm4BjS9SY2AaluH_-8ntSVAejinUdAQdFzhg9DE2bxsXhQ1eRdKyv8=w137-h92-k-no,Eunoé,"4,8",(916),30–80 €,Restaurant,·,,Note,Ajouter une note
Sevenly Heart,,Café,10–20 €,10,20,15.0,pluie,3.9,1054,"Café, note 3.9/5, 1054 avis, prix 10–20 €",ouvert_probable,non renseigne,public,,,1,haute,0,,1,1,0,0,1,0,1,0,0,0,0,0,0,0,0,0,1,0,0,export Google Maps fourni par utilisateur,2026-06-14,semi-auto: prix/note/statut depuis export Google; verification web live conseillee avant publication prod,adresse_absente_a_geocoder ; presence note/prix/type dans export Google; verifier live avant publication,https://lh3.googleusercontent.com/gps-cs-s/APNQkAF1NxpocC_n5Vz07fIdo36UtTK1HldzxvbPLYjcjcUdPdCJ9kBobIGhhl6Zfg6BmBMXY4Nl_8X5FthTfzZxOdyFzls2l_zwgM7xAaV7xp7U1HYFp6scJH0YTSnvBomn0zedwOVU=w80-h100-k-no,Sevenly Heart,"3,9",(1 054),10–20 €,Café,https://lh3.googleusercontent.com/gps-cs-s/APNQkAF1NxpocC_n5Vz07fIdo36UtTK1HldzxvbPLYjcjcUdPdCJ9kBobIGhhl6Zfg6BmBMXY4Nl_8X5FthTfzZxOdyFzls2l_zwgM7xAaV7xp7U1HYFp6scJH0YTSnvBomn0zedwOVU=w80-h100-k-no,Sevenly Heart,"3,9",(1 054),10–20 €,Café,·,,Note,Ajouter une note
Café des Arts et Métiers,,Restaurant,10–40 €,10,40,25.0,nuageux,3.6,2196,"Restaurant, note 3.6/5, 2196 avis, prix 10–40 €",ouvert_probable,non renseigne,public,,,0,exclu_qualite_ou_donnees_insuffisantes,0,,1,1,0,0,1,0,1,0,0,0,0,0,0,0,0,0,0,1,0,export Google Maps fourni par utilisateur,2026-06-14,semi-auto: prix/note/statut depuis export Google; verification web live conseillee avant publication prod,adresse_absente_a_geocoder ; presence note/prix/type dans export Google; verifier live avant publication,https://lh3.googleusercontent.com/gps-cs-s/APNQkAEnxaq9eyXuuKg8ABKo5ViSDn3iQI5RBBTl3dGfKe_V5w7O59pGvZV3b8wr5hzMezBVXWt2VSKqHInsEOtT8FTkzjLYC11y-OcT5ZVcLwp3TM7_Pn3Y1CJpk1lx38uZUEKFxO2CnA=w92-h92-k-no,Café des Arts et Métiers,"3,6",(2 196),10–40 €,Restaurant,https://lh3.googleusercontent.com/gps-cs-s/APNQkAEnxaq9eyXuuKg8ABKo5ViSDn3iQI5RBBTl3dGfKe_V5w7O59pGvZV3b8wr5hzMezBVXWt2VSKqHInsEOtT8FTkzjLYC11y-OcT5ZVcLwp3TM7_Pn3Y1CJpk1lx38uZUEKFxO2CnA=w92-h92-k-no,Café des Arts et Métiers,"3,6",(2 196),10–40 €,Restaurant,·,,,
Olympic Café,,Bar avec musique live,10–20 €,10,20,15.0,pluie,4.0,472,"Bar avec musique live, note 4.0/5, 472 avis, prix 10–20 €",ouvert_probable,non renseigne,public,,,1,moyenne,0,,1,1,1,0,1,0,0,0,0,1,0,1,0,0,0,0,1,0,0,export Google Maps fourni par utilisateur,2026-06-14,semi-auto: prix/note/statut depuis export Google; verification web live conseillee avant publication prod,adresse_absente_a_geocoder ; presence note/prix/type dans export Google; verifier live avant publication,https://lh3.googleusercontent.com/gps-cs-s/APNQkAFfPYUmVWjQJUr9kV_nTMsKBJOGlvzvu342oCRy_u5wBrYZOpcxwdPw4Wbefh6bUI4gz6UJceB8YhEvOq1TaWNVKGGtdHHDIqU8xpuAN3vcFVoZ03gyh5vnMLWPB93tjzZQJFBL=w122-h92-k-no,Olympic Café,"4,0",(472),10–20 €,Bar avec musique live,https://lh3.googleusercontent.com/gps-cs-s/APNQkAFfPYUmVWjQJUr9kV_nTMsKBJOGlvzvu342oCRy_u5wBrYZOpcxwdPw4Wbefh6bUI4gz6UJceB8YhEvOq1TaWNVKGGtdHHDIqU8xpuAN3vcFVoZ03gyh5vnMLWPB93tjzZQJFBL=w122-h92-k-no,Olympic Café,"4,0",(472),10–20 €,Bar avec musique live,·,,,
doublevie,,Restaurant,20–60 €,20,60,40.0,nuageux,4.5,528,"Restaurant, note 4.5/5, 528 avis, prix 20–60 €",ouvert_probable,non renseigne,public,,,1,haute,0,,0,1,0,0,0,0,1,0,0,0,0,0,0,0,0,0,0,1,0,export Google Maps fourni par utilisateur,2026-06-14,semi-auto: prix/note/statut depuis export Google; verification web live conseillee avant publication prod,adresse_absente_a_geocoder ; presence note/prix/type dans export Google; verifier live avant publication,https://lh3.googleusercontent.com/gps-cs-s/APNQkAEgSn04cHzJUQclmJVledLgQSxc5kHk4Q4R7jXsuOPxs310zWrXnPeEUHatmJiVDP9LENdVS1bLFoXiGjWUBg4mzXTz3xxanMU6uDP9fgmCSbYlMVL2rJO2kjghtN3oL0zfNPid=w139-h92-k-no,doublevie,"4,5",(528),20–60 €,Restaurant,https://lh3.googleusercontent.com/gps-cs-s/APNQkAEgSn04cHzJUQclmJVledLgQSxc5kHk4Q4R7jXsuOPxs310zWrXnPeEUHatmJiVDP9LENdVS1bLFoXiGjWUBg4mzXTz3xxanMU6uDP9fgmCSbYlMVL2rJO2kjghtN3oL0zfNPid=w139-h92-k-no,doublevie,"4,5",(528),20–60 €,Restaurant,·,,,
Harry's Bar Paris,,Bar à cocktails,10–20 €,10,20,15.0,pluie,4.5,2913,"Bar à cocktails, note 4.5/5, 2913 avis, prix 10–20 €",ouvert_probable,non renseigne,public,,,1,haute,0,,0,1,1,0,1,0,0,0,0,1,0,1,0,0,0,0,1,0,0,export Google Maps fourni par utilisateur,2026-06-14,semi-auto: prix/note/statut depuis export Google; verification web live conseillee avant publication prod,adresse_absente_a_geocoder ; presence note/prix/type dans export Google; verifier live avant publication,https://lh3.googleusercontent.com/gps-cs-s/APNQkAHYgqIeUEtJgmzR3hj4NMHAFSORCh-4IjYKFD60n3XhOibRzXzlr1xumTeZybqxMQ7f4qHcVXS2pLdwWSZgOvbZcxpljQoH_8_LlYkdMS2zcxq203dx7mw-YwJNpbWzPDH4TB-gHMpoVTc=w92-h92-k-no,Harry's Bar Paris,"4,5",(2 913),10–20 €,Bar à cocktails,https://lh3.googleusercontent.com/gps-cs-s/APNQkAHYgqIeUEtJgmzR3hj4NMHAFSORCh-4IjYKFD60n3XhOibRzXzlr1xumTeZybqxMQ7f4qHcVXS2pLdwWSZgOvbZcxpljQoH_8_LlYkdMS2zcxq203dx7mw-YwJNpbWzPDH4TB-gHMpoVTc=w92-h92-k-no,Harry's Bar Paris,"4,5",(2 913),10–20 €,Bar à cocktails,·,,,
Ebis,,Fusion asiatique,20–60 €,20,60,40.0,nuageux,4.6,776,"Fusion asiatique, note 4.6/5, 776 avis, prix 20–60 €",ouvert_probable,non renseigne,public,,,1,haute,0,,0,1,1,0,0,0,0,0,0,1,0,1,0,0,0,0,0,1,0,export Google Maps fourni par utilisateur,2026-06-14,semi-auto: prix/note/statut depuis export Google; verification web live conseillee avant publication prod,adresse_absente_a_geocoder ; presence note/prix/type dans export Google; verifier live avant publication,https://lh3.googleusercontent.com/gps-cs-s/APNQkAFQOFtorYRrUM1XoZzhcUecMODelrR3yunAsaZ64_qRkGeGXIvo0zu6MfnSFbY2xEZuty9tOPdO66nJPPDbLwvfTOoXet6X8V4HVcTCD3P2l7Mzb8hf-TCG_WKtmTfcxO-VA5om=w163-h92-k-no,Ebis,"4,6",(776),20–60 €,Fusion asiatique,https://lh3.googleusercontent.com/gps-cs-s/APNQkAFQOFtorYRrUM1XoZzhcUecMODelrR3yunAsaZ64_qRkGeGXIvo0zu6MfnSFbY2xEZuty9tOPdO66nJPPDbLwvfTOoXet6X8V4HVcTCD3P2l7Mzb8hf-TCG_WKtmTfcxO-VA5om=w163-h92-k-no,Ebis,"4,6",(776),20–60 €,Fusion asiatique,·,,Note,Ajouter une note
L'Auberge Café,,,,,,,inconnu,4.0,148,"note 4.0/5, 148 avis",ouvert_probable,non renseigne,public,,,1,moyenne,0,,0,1,0,0,1,0,1,0,0,0,0,0,0,0,0,0,0,0,0,export Google Maps fourni par utilisateur,2026-06-14,semi-auto: prix/note/statut depuis export Google; verification web live conseillee avant publication prod,prix_moyen_absent_dans_export ; adresse_absente_a_geocoder ; presence note/prix/type dans export Google; verifier live avant publication,https://lh3.googleusercontent.com/gps-cs-s/APNQkAFuG-vtJN-86YPAEg0mIIulOb3RJ0LE-M9tYPYvL-4PYNGcCQVZsvGu1BqEHKwoK2RPy3wY28MNibzJ52tCRDIb38f91ssCsQpWmkOBqOfGVVtdjO9IUUJBUhq6LFw6YklJV6qOlA=w174-h92-k-no,L'Auberge Café,"4,0",(148),,,https://lh3.googleusercontent.com/gps-cs-s/APNQkAFuG-vtJN-86YPAEg0mIIulOb3RJ0LE-M9tYPYvL-4PYNGcCQVZsvGu1BqEHKwoK2RPy3wY28MNibzJ52tCRDIb38f91ssCsQpWmkOBqOfGVVtdjO9IUUJBUhq6LFw6YklJV6qOlA=w174-h92-k-no,L'Auberge Café,"4,0",(148),,,,,Note,Ajouter une note
Tiger Tiger - Restaurant Chinois,,Chinoise,20–30 €,20,30,25.0,nuageux,4.7,3028,"Chinoise, note 4.7/5, 3028 avis, prix 20–30 €",ouvert_probable,non renseigne,public,,,1,haute,0,,1,0,1,0,0,1,1,0,0,0,0,0,0,0,0,1,0,1,0,export Google Maps fourni par utilisateur,2026-06-14,semi-auto: prix/note/statut depuis export Google; verification web live conseillee avant publication prod,adresse_absente_a_geocoder ; presence note/prix/type dans export Google; verifier live avant publication,https://lh3.googleusercontent.com/gps-cs-s/APNQkAF6OOFVZLXbL_3v-Gy0GmhGFMEtSjjd2LF9Rio5tJlHJRswRH2ZbVm2BgayWVTnilGht-8Y7K4ApfpQuNKzvRnWnV08oSMG8iVCxC37jDwNaTzB1fgOc78eF1wt8_HgNJOj7H8Sjg=w138-h92-k-no,Tiger Tiger - Restaurant Chinois,"4,7",(3 028),20–30 €,Chinoise,https://lh3.googleusercontent.com/gps-cs-s/APNQkAF6OOFVZLXbL_3v-Gy0GmhGFMEtSjjd2LF9Rio5tJlHJRswRH2ZbVm2BgayWVTnilGht-8Y7K4ApfpQuNKzvRnWnV08oSMG8iVCxC37jDwNaTzB1fgOc78eF1wt8_HgNJOj7H8Sjg=w138-h92-k-no,Tiger Tiger - Restaurant Chinois,"4,7",(3 028),20–30 €,Chinoise,·,,,
Bar Herbarium,,Bar,10–20 €,10,20,15.0,pluie,4.4,68,"Bar, note 4.4/5, 68 avis, prix 10–20 €",ouvert_probable,non renseigne,public,,,1,basse_a_verifier,0,,0,1,1,0,1,0,0,0,0,1,0,1,0,0,0,0,1,0,0,export Google Maps fourni par utilisateur,2026-06-14,semi-auto: prix/note/statut depuis export Google; verification web live conseillee avant publication prod,adresse_absente_a_geocoder ; presence note/prix/type dans export Google; verifier live avant publication,https://lh3.googleusercontent.com/gps-cs-s/APNQkAEywiJW2pWZJ5cmSIoyxxa4O3MjspETOvFx39T-tQKUTfwYQzoSF8yQjOX8BW_yteSPgfhNdRqhGb3RF191zyR9Ft-gmbOeYNrqARbGiQBBp0TZ5weV_qblBRFCxa312ozpuxpPNKdWdL38=w163-h92-k-no,Bar Herbarium,"4,4",(68),10–20 €,Bar,https://lh3.googleusercontent.com/gps-cs-s/APNQkAEywiJW2pWZJ5cmSIoyxxa4O3MjspETOvFx39T-tQKUTfwYQzoSF8yQjOX8BW_yteSPgfhNdRqhGb3RF191zyR9Ft-gmbOeYNrqARbGiQBBp0TZ5weV_qblBRFCxa312ozpuxpPNKdWdL38=w163-h92-k-no,Bar Herbarium,"4,4",(68),10–20 €,Bar,·,,,
Bistrot Victoires,,Bistro,20–30 €,20,30,25.0,nuageux,4.4,7244,"Bistro, note 4.4/5, 7244 avis, prix 20–30 €",ouvert_probable,non renseigne,public,,,1,haute,0,,0,1,0,0,0,0,1,0,0,0,0,0,0,0,0,0,0,1,0,export Google Maps fourni par utilisateur,2026-06-14,semi-auto: prix/note/statut depuis export Google; verification web live conseillee avant publication prod,adresse_absente_a_geocoder ; presence note/prix/type dans export Google; verifier live avant publication,https://lh3.googleusercontent.com/gps-cs-s/APNQkAGMft7DhoHtfkZnD4WAwJufcVfW4n2ablYUXQJJHcmq2isJBrWUwglfA5dvk6r4MwWE_31zBeskCxYY7kEsbDT-wLYIwqDshhmkaw2JZP914V_8gUTK_MVo65neOcI1IXspxrOe=w122-h92-k-no,Bistrot Victoires,"4,4",(7 244),20–30 €,Bistro,https://lh3.googleusercontent.com/gps-cs-s/APNQkAGMft7DhoHtfkZnD4WAwJufcVfW4n2ablYUXQJJHcmq2isJBrWUwglfA5dvk6r4MwWE_31zBeskCxYY7kEsbDT-wLYIwqDshhmkaw2JZP914V_8gUTK_MVo65neOcI1IXspxrOe=w122-h92-k-no,Bistrot Victoires,"4,4",(7 244),20–30 €,Bistro,·,,,
Kokekokko Karaoke Bar,,Bar karaoké,10–20 €,10,20,15.0,pluie,4.4,445,"Bar karaoké, note 4.4/5, 445 avis, prix 10–20 €",ouvert_probable,non renseigne,public,,,1,moyenne,0,,0,1,1,0,1,0,0,0,0,1,0,1,0,0,0,0,1,0,0,export Google Maps fourni par utilisateur,2026-06-14,semi-auto: prix/note/statut depuis export Google; verification web live conseillee avant publication prod,adresse_absente_a_geocoder ; presence note/prix/type dans export Google; verifier live avant publication,https://lh3.googleusercontent.com/gps-cs-s/APNQkAECAhQjtUvohUeOmoDEW4SQtd1MckaevTvnM7eN5CgFAhEU1ksUnAADTIO-iOYYArVm119kGP8SMuWgdvAD4UH8gCw6e4p6NI9FOmd6CaCcgnNm-anMcRE9vZfTK568KfFt5XNB=w138-h92-k-no,Kokekokko Karaoke Bar,"4,4",(445),10–20 €,Bar karaoké,https://lh3.googleusercontent.com/gps-cs-s/APNQkAECAhQjtUvohUeOmoDEW4SQtd1MckaevTvnM7eN5CgFAhEU1ksUnAADTIO-iOYYArVm119kGP8SMuWgdvAD4UH8gCw6e4p6NI9FOmd6CaCcgnNm-anMcRE9vZfTK568KfFt5XNB=w138-h92-k-no,Kokekokko Karaoke Bar,"4,4",(445),10–20 €,Bar karaoké,·,,,
BRASSERIE LE TAMBOUR,,Restaurant,10–30 €,10,30,20.0,pluie,4.1,2767,"Restaurant, note 4.1/5, 2767 avis, prix 10–30 €",ouvert_probable,non renseigne,public,,,1,haute,0,,0,1,1,0,1,0,1,0,0,0,0,0,0,0,0,0,1,0,0,export Google Maps fourni par utilisateur,2026-06-14,semi-auto: prix/note/statut depuis export Google; verification web live conseillee avant publication prod,adresse_absente_a_geocoder ; presence note/prix/type dans export Google; verifier live avant publication,https://lh3.googleusercontent.com/gps-cs-s/APNQkAGkd4qsuf_IDfVe3pB0jr0JFKZtM6Us-oiFrsWzgzwoW118OUokmA3MPcc92Q1Dcsc2H_06BPlzh1lIZKg0FCUZ1v2Y2WeeHZc3aDRk5zcN4tVT65GMhvINWNvioqVL0cco-wdSkPT4WUSs=w137-h92-k-no,BRASSERIE LE TAMBOUR,"4,1",(2 767),10–30 €,Restaurant,https://lh3.googleusercontent.com/gps-cs-s/APNQkAGkd4qsuf_IDfVe3pB0jr0JFKZtM6Us-oiFrsWzgzwoW118OUokmA3MPcc92Q1Dcsc2H_06BPlzh1lIZKg0FCUZ1v2Y2WeeHZc3aDRk5zcN4tVT65GMhvINWNvioqVL0cco-wdSkPT4WUSs=w137-h92-k-no,BRASSERIE LE TAMBOUR,"4,1",(2 767),10–30 €,Restaurant,·,,Note,Ajouter une note
Balou Paris 3,,Bar à tapas,10–20 €,10,20,15.0,pluie,4.7,4901,"Bar à tapas, note 4.7/5, 4901 avis, prix 10–20 €",ouvert_probable,a verifier (potentiellement saisonnier),public,,,1,haute,0,,0,1,1,0,1,0,0,0,0,1,0,1,0,1,0,0,1,0,0,export Google Maps fourni par utilisateur,2026-06-14,semi-auto: prix/note/statut depuis export Google; verification web live conseillee avant publication prod,adresse_absente_a_geocoder ; presence note/prix/type dans export Google; verifier live avant publication,https://lh3.googleusercontent.com/gps-cs-s/APNQkAG7hIswkjloqa4kwyyQg2MDeUhpmhJOnt0dvkZNfIfnBEgHCLK2KNmkp8D11PSz_scHh8jFJu0WR6jLtto1vFf_rg6JTuktiiLioxCSez8edtP_k5ptl4lWbWcOVRRsYAPT06ot=w137-h92-k-no,Balou Paris 3,"4,7",(4 901),10–20 €,Bar à tapas,https://lh3.googleusercontent.com/gps-cs-s/APNQkAG7hIswkjloqa4kwyyQg2MDeUhpmhJOnt0dvkZNfIfnBEgHCLK2KNmkp8D11PSz_scHh8jFJu0WR6jLtto1vFf_rg6JTuktiiLioxCSez8edtP_k5ptl4lWbWcOVRRsYAPT06ot=w137-h92-k-no,Balou Paris 3,"4,7",(4 901),10–20 €,Bar à tapas,·,,,
The Highlander Pub,,Pub,10–20 €,10,20,15.0,pluie,4.5,2523,"Pub, note 4.5/5, 2523 avis, prix 10–20 €",ouvert_probable,non renseigne,public,,,1,haute,0,,0,1,1,0,1,0,0,0,0,1,0,1,0,0,0,0,1,0,0,export Google Maps fourni par utilisateur,2026-06-14,semi-auto: prix/note/statut depuis export Google; verification web live conseillee avant publication prod,adresse_absente_a_geocoder ; presence note/prix/type dans export Google; verifier live avant publication,https://lh3.googleusercontent.com/gps-cs-s/APNQkAGLsPtjzWGkKS98WkT3oIrbNzsKCsAvH5oPs9ebM7V4b1ofk3cPCkjvwH31Y4W4i8RqsAc1k-c7Xwwlygo2tSHs_zqVs2TPZO71l4aEi-Wxn5eEAM1h1g0EB4MnLdlVZJnzijtW-Q=w125-h92-k-no,The Highlander Pub,"4,5",(2 523),10–20 €,Pub,https://lh3.googleusercontent.com/gps-cs-s/APNQkAGLsPtjzWGkKS98WkT3oIrbNzsKCsAvH5oPs9ebM7V4b1ofk3cPCkjvwH31Y4W4i8RqsAc1k-c7Xwwlygo2tSHs_zqVs2TPZO71l4aEi-Wxn5eEAM1h1g0EB4MnLdlVZJnzijtW-Q=w125-h92-k-no,The Highlander Pub,"4,5",(2 523),10–20 €,Pub,·,,,
Bistrot d'Edmond Opéra,,Bistro,20–30 €,20,30,25.0,nuageux,3.8,1684,"Bistro, note 3.8/5, 1684 avis, prix 20–30 €",ouvert_probable,non renseigne,public,,,1,haute,0,,0,1,0,0,0,0,1,0,0,0,0,0,0,0,0,0,0,1,0,export Google Maps fourni par utilisateur,2026-06-14,semi-auto: prix/note/statut depuis export Google; verification web live conseillee avant publication prod,adresse_absente_a_geocoder ; presence note/prix/type dans export Google; verifier live avant publication,https://lh3.googleusercontent.com/gps-cs-s/APNQkAHOANihwhrv5RnCanx7MrqWtptX3B0ZPSzYHE52hgZ3V2CoFKmsZNKPTu7RvdT7NvknLJ8c2y-0ry0MXt8RAvjK3oGDO8Hb3G_-WUTnahBOivoJ5vNVYyRYf8VxirwCPDAFBYgUGrS-0GTT=w99-h92-k-no,Bistrot d'Edmond Opéra,"3,8",(1 684),20–30 €,Bistro,https://lh3.googleusercontent.com/gps-cs-s/APNQkAHOANihwhrv5RnCanx7MrqWtptX3B0ZPSzYHE52hgZ3V2CoFKmsZNKPTu7RvdT7NvknLJ8c2y-0ry0MXt8RAvjK3oGDO8Hb3G_-WUTnahBOivoJ5vNVYyRYf8VxirwCPDAFBYgUGrS-0GTT=w99-h92-k-no,Bistrot d'Edmond Opéra,"3,8",(1 684),20–30 €,Bistro,·,,,
Maison Lautrec,,Française,20–60 €,20,60,40.0,nuageux,4.4,1048,"Française, note 4.4/5, 1048 avis, prix 20–60 €",ouvert_probable,non renseigne,public,,,1,haute,0,,0,1,0,1,0,0,1,0,0,0,0,0,0,0,0,0,0,1,0,export Google Maps fourni par utilisateur,2026-06-14,semi-auto: prix/note/statut depuis export Google; verification web live conseillee avant publication prod,adresse_absente_a_geocoder ; presence note/prix/type dans export Google; verifier live avant publication,https://lh3.googleusercontent.com/gps-cs-s/APNQkAFwABE02Zh1hX1E8YhD3Tlu0ti6QGocoEojmEFMmlnCMYbJx_vbU0iBFx6NSqKey6tt2Polj3hOQsxWytBKr6Ki_MAHYd2yVpw3P-VHG8EhsLoKj7gYMR6XStppBeoSoywLlIpLdUmVpOXp=w80-h119-k-no,Maison Lautrec,"4,4",(1 048),20–60 €,Française,https://lh3.googleusercontent.com/gps-cs-s/APNQkAFwABE02Zh1hX1E8YhD3Tlu0ti6QGocoEojmEFMmlnCMYbJx_vbU0iBFx6NSqKey6tt2Polj3hOQsxWytBKr6Ki_MAHYd2yVpw3P-VHG8EhsLoKj7gYMR6XStppBeoSoywLlIpLdUmVpOXp=w80-h119-k-no,Maison Lautrec,"4,4",(1 048),20–60 €,Française,·,,Note,Ajouter une note
Café Blanc,,Française,20–40 €,20,40,30.0,nuageux,4.3,2542,"Française, note 4.3/5, 2542 avis, prix 20–40 €",ouvert_probable,non renseigne,public,,,1,haute,0,,1,1,0,1,1,0,1,0,0,0,0,0,0,0,0,0,0,1,0,export Google Maps fourni par utilisateur,2026-06-14,semi-auto: prix/note/statut depuis export Google; verification web live conseillee avant publication prod,adresse_absente_a_geocoder ; presence note/prix/type dans export Google; verifier live avant publication,https://lh3.googleusercontent.com/gps-cs-s/APNQkAGMBqOxqBOVgnTr2tXlU3VkUUWZhqy_ZwKnvgK5ZySaGWNGm8P6SxkcF98hJfArLpuwHKYN8mlA4aQuQkMzRD0vHCk53hdhXaVs5EaSmJYh0fawc_frA-hFpG_fXd6YQjP_Iir_iRPktS8=w132-h92-k-no,Café Blanc,"4,3",(2 542),20–40 €,Française,https://lh3.googleusercontent.com/gps-cs-s/APNQkAGMBqOxqBOVgnTr2tXlU3VkUUWZhqy_ZwKnvgK5ZySaGWNGm8P6SxkcF98hJfArLpuwHKYN8mlA4aQuQkMzRD0vHCk53hdhXaVs5EaSmJYh0fawc_frA-hFpG_fXd6YQjP_Iir_iRPktS8=w132-h92-k-no,Café Blanc,"4,3",(2 542),20–40 €,Française,·,,Note,Ajouter une note
Brasserie Dubillot,,Française,20–30 €,20,30,25.0,nuageux,4.7,10222,"Française, note 4.7/5, 10222 avis, prix 20–30 €",ouvert_probable,non renseigne,public,,,1,haute,0,,0,1,1,0,0,0,1,0,0,0,0,0,0,0,0,0,0,1,0,export Google Maps fourni par utilisateur,2026-06-14,semi-auto: prix/note/statut depuis export Google; verification web live conseillee avant publication prod,adresse_absente_a_geocoder ; presence note/prix/type dans export Google; verifier live avant publication,https://lh3.googleusercontent.com/gps-cs-s/APNQkAE3xQ0VkxcVaAuYaNrE4yf1pExMR5PpjcTP3aWWVPeGHQwtfD72NkbRrwrfa487O5bRjpjwvS2LbyVDfY2T__Qq7PKM25yntrtVpm5xPVciQpp6bBJ7Ug2MdlIOiqi0eRYg90VG=w122-h92-k-no,Brasserie Dubillot,"4,7",(10 222),20–30 €,Française,https://lh3.googleusercontent.com/gps-cs-s/APNQkAE3xQ0VkxcVaAuYaNrE4yf1pExMR5PpjcTP3aWWVPeGHQwtfD72NkbRrwrfa487O5bRjpjwvS2LbyVDfY2T__Qq7PKM25yntrtVpm5xPVciQpp6bBJ7Ug2MdlIOiqi0eRYg90VG=w122-h92-k-no,Brasserie Dubillot,"4,7",(10 222),20–30 €,Française,·,,Note,Ajouter une note
Bar Hemingway,,Bar,30–90 €,30,90,60.0,grand soleil,4.5,776,"Bar, note 4.5/5, 776 avis, prix 30–90 €",ouvert_probable,non renseigne,sur reservation conseillee,,,1,haute,0,,0,1,1,0,0,0,0,0,0,1,0,1,0,0,0,0,0,0,1,export Google Maps fourni par utilisateur,2026-06-14,semi-auto: prix/note/statut depuis export Google; verification web live conseillee avant publication prod,adresse_absente_a_geocoder ; presence note/prix/type dans export Google; verifier live avant publication,https://lh3.googleusercontent.com/gps-cs-s/APNQkAEjjwYBITy89DuK9Jy3l02qccAQuK87xWMO_gniP25MC9NXq8RxoVJeQ-qfPsmO6uagvJDkgj_74144OCskydCjT3y9aktoDSY-1zLYbGKWO1-yqYePvqor-LwOkg2v-iv8CB8P=w137-h92-k-no,Bar Hemingway,"4,5",(776),30–90 €,Bar,https://lh3.googleusercontent.com/gps-cs-s/APNQkAEjjwYBITy89DuK9Jy3l02qccAQuK87xWMO_gniP25MC9NXq8RxoVJeQ-qfPsmO6uagvJDkgj_74144OCskydCjT3y9aktoDSY-1zLYbGKWO1-yqYePvqor-LwOkg2v-iv8CB8P=w137-h92-k-no,Bar Hemingway,"4,5",(776),30–90 €,Bar,·,,Note,Ajouter une note
