nom;adresse_complete;ville;arrondissement_ou_departement;type;categorie_worldcup_2026;prix_indicatif;prix_moyen_eur_pers;budget_meteo;description_courte;statut;saisonnier;periode_worldcup_2026;acces;source_recommandation;source_url;source_statut_ouverture;date_verification_gpt;fiabilite_1_5;inclure_app;raison_exclusion_si_0;notes_gpt;lat;lng;avec_solo;avec_duo;avec_potos;avec_pro;pour_tranquillo;pour_allocco;pour_resto;pour_gastro;pour_incognito;pour_apero;pour_disco;pour_nocturne;pour_eau;pour_street_food;pour_guinguette;terrasse_hiver;pour_football;pour_worldcup_2026;fan_zone;ecran_geant;famille;gratuit_ou_entree_libre;reservation_recommandee;matchs_france_seulement;tous_matchs_ou_large_prog;officiel_sponsor;plein_air;sponsor_partenaire
Fan Zone LEGO - Parc de la Villette;Au pied de la Géode - Prairie Nord, Parc de la Villette, 211 Av. Jean Jaurès, 75019 Paris;Paris;19e;fan zone officielle/famille;fan zone officielle;entrée gratuite, réservation conseillée;0;pluie;Fan zone familiale sans alcool, écran géant, animations LEGO et foot à 5.;ouvert du 13/06 au 19/07/2026;oui;11 juin - 19 juillet 2026;gratuit / réservation fortement conseillée;Site officiel Fan Zone LEGO + Paris je t'aime + Paris.fr;https://fanzonelego.com/ | https://parisjetaime.com/article/fan-zones-paris-a1996 | https://www.paris.fr/evenements/coupe-du-monde-2026-decouvrez-la-fanzone-lego-dans-le-parc-de-la-villette-113411;site officiel;2026-06-14;5;1;;;;;1;1;1;0;1;0;0;0;0;0;0;0;0;0;0;0;1;1;1;1;1;1;1;0;1;1;1;LEGO
Club Coca-Cola - Quai de la Photo;9 Port de la Gare, 75013 Paris;Paris;13e;fan zone officielle / péniche;fan zone officielle;entrée gratuite, consommation sur place;15;pluie;Fan zone flottante en bord de Seine, 800 places, matchs, DJ sets et animations.;ouvert du 12/06 au 19/07/2026;oui;11 juin - 19 juillet 2026;gratuit / réservation très conseillée;Paris je t'aime + Time Out + site officiel Quai de la Photo;https://quaidelaphoto.fr/ | https://www.timeout.fr/paris/actualites/coupe-du-monde-onze-fan-zones-grand-paris-061026 | https://parisjetaime.com/article/fan-zones-paris-a1996;site officiel + business ouvert;2026-06-14;5;1;;;;;1;1;1;1;0;1;0;0;0;1;0;1;1;0;0;0;1;1;1;1;0;1;1;0;1;1;1;Coca-Cola
Lenovo Fan Zone Experience - Café A;Maison de l'architecture, 148 Rue du Faubourg Saint-Martin, 75010 Paris;Paris;10e;fan zone sponsor / jardin;fan zone officielle;gratuit;15;pluie;Fan zone tech de 800 m² dans le jardin du Café A, écrans géants, IA, food & drink.;ouvert du 12/06 au 19/07/2026;oui;11 juin - 19 juillet 2026;gratuit / selon capacité;Paris.fr + Paris je t'aime + Time Out;https://www.paris.fr/evenements/lenovo-ouvre-une-fan-zone-technologique-de-800-m-au-cafe-a-pendant-toute-la-coupe-du-monde-de-la-fifa-2026-113826 | https://parisjetaime.com/article/fan-zones-paris-a1996;Paris.fr + business ouvert;2026-06-14;5;1;;;;;1;1;1;1;1;1;1;0;0;1;0;0;0;0;0;0;1;1;1;1;0;1;1;0;1;1;1;Lenovo
Ground Control;81 Rue du Charolais, 75012 Paris;Paris;12e;tiers-lieu / food court;fan zone culturelle;entrée libre, conso 10-20 €;20;nuageux;Grande halle festive avec sélection de matchs, DJ sets, gaming, ateliers et terrain en libre accès.;ouvert / programmation Coupe du Monde confirmée;événementiel;11 juin - 19 juillet 2026;entrée libre / vérifier programme;Site officiel Ground Control + Time Out + Paris je t'aime;https://www.groundcontrolparis.com/project/coupe-du-monde-2026/ | https://www.groundcontrolparis.com/project/coupe-du-monde-2026-les-matchs/ | https://www.timeout.fr/paris/actualites/coupe-du-monde-onze-fan-zones-grand-paris-061026;site officiel + business ouvert;2026-06-14;5;1;;;;;1;1;1;1;0;1;1;0;0;1;0;0;0;1;0;0;1;1;1;1;0;1;1;0;0;0;0;
La Communale Saint-Ouen;10 bis Rue de l'Hippodrome, 93400 Saint-Ouen-sur-Seine;Saint-Ouen-sur-Seine;93;halle food court / fan zone;fan zone Grand Paris;entrée libre, conso 10-20 €;20;nuageux;Halle géante avec écrans géants, baby-foot XXL, animations, food court et ambiance populaire.;ouvert / programmation 11/06-19/07 confirmée;événementiel;11 juin - 19 juillet 2026;entrée libre / selon capacité;Sortir à Paris + Time Out + Paris je t'aime;https://www.sortiraparis.com/loisirs/sport/articles/345938-coupe-du-monde-de-football-2026-fan-zone-ecran-geant-pronostics-baby-foot-geant-a-la-communale | https://www.timeout.fr/paris/actualites/coupe-du-monde-onze-fan-zones-grand-paris-061026;guide 2026 + business ouvert;2026-06-14;5;1;;;;;1;1;1;1;0;1;1;0;0;1;0;0;0;1;0;0;1;1;1;1;0;1;1;0;1;0;0;
Le Grand Rex - Iconic Club;1 Boulevard Poissonnière, 75002 Paris;Paris;2e;cinéma / projection géante;projection événementielle;billet 20-21 €;30;nuageux;Projection de grandes affiches sur écran géant, animations type stade, capacité env. 2500 places.;ouvert / dates selon matchs;événementiel;11 juin - 19 juillet 2026;billet obligatoire;Le Grand Rex + Time Out + Le Parisien;https://www.legrandrex.com/cinema/5498 | https://www.timeout.fr/paris/actualites/coupe-du-monde-onze-fan-zones-grand-paris-061026 | https://www.leparisien.fr/sports/football/coupe-du-monde/coupe-du-monde-2026-le-grand-rex-diffusera-le-match-entre-la-france-et-le-senegal-25-05-2026-7CW52PW5NFFPDBSCPLXZBHOW74.php;site officiel + business ouvert;2026-06-14;5;1;;;;;1;1;1;0;0;0;0;0;0;0;0;0;0;0;0;0;1;1;1;1;0;0;1;0;0;0;0;
La Felicità;Station F, 5 Parvis Alan Turing, 75013 Paris;Paris;13e;food court italien;food court écran géant;entrée gratuite, conso 10-20 €;20;nuageux;Food court Big Mamma avec 5 écrans dont écran géant pour grandes affiches et matchs des Bleus.;ouvert / programmation Coupe du Monde confirmée;événementiel;11 juin - 19 juillet 2026;entrée gratuite dans la limite de capacité;Site officiel La Felicità + Paris je t'aime + Time Out;https://www.lafelicita.fr/coupe-du-monde-paris-diffusion-matchs | https://www.lafelicita.fr/bar-sportif | https://parisjetaime.com/article/fan-zones-paris-a1996;site officiel + business ouvert;2026-06-14;5;1;;;;;1;1;1;1;0;1;1;0;0;1;0;0;0;1;0;0;1;1;1;1;0;1;1;0;0;0;0;
TOCA Social Paris - Westfield CNIT;Westfield CNIT, 2 Place de la Défense, 92800 Puteaux;Puteaux;92;bar football immersif;fan zone immersive;billets dès 5 € boisson incluse / activités dès 11 €;25;nuageux;Fan zone nouvelle génération avec écrans géants, DJ, bars, restauration et boxes immersives.;ouvert / événement Coupe du Monde confirmé;événementiel;11 juin - 19 juillet 2026;billet / réservation recommandée;Fever/JDS + Paris je t'aime + site TOCA;https://feverup.com/m/656339 | https://www.toca.social/fr | https://parisjetaime.com/article/fan-zones-paris-a1996;billetterie + business ouvert;2026-06-14;5;1;;;;;0;1;1;1;0;1;1;0;0;1;0;0;0;0;0;0;1;1;1;1;0;0;1;0;1;0;0;
Jardin de la Ménagerie - Sceaux;70 Rue Houdan, 92330 Sceaux;Sceaux;92;fan zone municipale / jardin;fan zone familiale Grand Paris;gratuit, restauration locale;15;pluie;Fan zone bucolique et familiale pour les matchs de l'Équipe de France, buvette et chalets locaux.;annoncé dès le 16/06/2026;oui;11 juin - 19 juillet 2026;gratuit / selon capacité;Paris je t'aime + Ville de Sceaux réseaux sociaux;https://parisjetaime.com/article/fan-zones-paris-a1996;Paris je t'aime + lieu public ouvert;2026-06-14;4;1;;;;;1;1;1;0;1;1;0;0;0;1;0;0;0;0;1;0;1;1;1;1;1;1;0;1;0;0;1;
Virage Paris;26 Rue Hélène et François Missoffe, 75017 Paris;Paris;17e;club / open-air / fan zone ponctuelle;fan zone alternative;selon événement, conso 10-30 €;25;nuageux;"Club/open-air sous le périph avec retransmissions selon matchs, tournois et sets; très festif.";ouvert / programme selon matchs;événementiel;11 juin - 19 juillet 2026;selon event / réservation à vérifier;Time Out 2026 + business ouvert;https://www.timeout.fr/paris/actualites/coupe-du-monde-onze-fan-zones-grand-paris-061026;business ouvert;2026-06-14;4;1;;;;;0;0;1;0;0;1;0;0;0;1;1;1;0;0;0;0;1;1;1;1;0;0;1;0;0;0;1;
Central Chapelle;4 Esplanade Alice Milliat, 75018 Paris;Paris;18e;food hall / terrasse fan zone;fan zone Bud / food court;entrée libre probable, conso 10-25 €;20;nuageux;Terrasse nord transformée en FIFA Fan Zone avec écrans, bière et comptoirs food.;ouvert / fan zone annoncée 11/06-19/07;événementiel;11 juin - 19 juillet 2026;à confirmer selon capacité;Time Out 2026;https://www.timeout.fr/paris/actualites/coupe-du-monde-onze-fan-zones-grand-paris-061026;business ouvert;2026-06-14;4;1;;;;;1;1;1;1;0;1;1;0;0;1;0;0;0;1;0;0;1;1;1;1;0;0;1;0;1;0;1;Budweiser
Jardin des Traverses;Boulevard Ney, face arrêt tram Diane Arbus, 75018 Paris;Paris;18e;tiers-lieu extérieur;fan zone alternative;entrée libre, conso variable;15;pluie;Spot roots et bucolique, retransmissions des matchs de l'équipe de France seulement.;ouvert selon programmation mercredi-dimanche;événementiel;11 juin - 19 juillet 2026;gratuit / programme à vérifier;Time Out 2026;https://www.timeout.fr/paris/actualites/coupe-du-monde-onze-fan-zones-grand-paris-061026;Time Out 2026;2026-06-14;3;1;;;;;1;1;1;0;1;1;0;0;0;1;0;0;0;0;1;0;1;1;1;1;0;1;0;1;0;0;1;
La Cité Fertile;14 Avenue Édouard Vaillant, 93500 Pantin;Pantin;93;tiers-lieu / halle;fan zone alternative Grand Paris;gratuit sur réservation, conso 10-20 €;20;nuageux;Fan zone alternative avec écran géant sous la halle, bars, food et DJ sets.;ouvert / fan zone 11/06-19/07;événementiel;11 juin - 19 juillet 2026;gratuit mais réservation conseillée;Time Out 2026 + business ouvert;https://www.timeout.fr/paris/actualites/coupe-du-monde-onze-fan-zones-grand-paris-061026;business ouvert;2026-06-14;4;1;;;;;1;1;1;1;0;1;1;0;0;1;0;0;0;0;1;0;1;1;1;1;0;1;1;0;0;0;0;
Atelier des Lumières - Hisense Stadium Experience;38 Rue Saint-Maur, 75011 Paris;Paris;11e;projection immersive 360°;événement sponsor one-shot;gratuit sur inscription;0;pluie;Watch party immersive France-Sénégal avec projections 360°, cocktail et animations.;événement ponctuel 16/06/2026;événementiel;11 juin - 19 juillet 2026;inscription obligatoire;Billetterie officielle Hisense + Sortir à Paris;https://billetterie.hisense.fr/ | https://www.sortiraparis.com/loisirs/sport/articles/345409-coupe-du-monde-de-football-2026-france-senegal-projete-sur-les-murs-de-l-atelier-des-lumieres;billetterie officielle;2026-06-14;5;1;;;;;1;1;1;1;0;0;0;0;0;1;0;0;0;0;0;0;1;1;1;1;0;1;1;1;0;1;0;Hisense
Dopo Boulogne;63-64 Quai Georges Gorse, 92100 Boulogne-Billancourt;Boulogne-Billancourt;92;restaurant sportif / After Foot;restaurant foot;20-30 €;30;nuageux;Restaurant italien et sport bar porté par des figures d'After Foot, pour regarder les matchs avec vraie restauration.;ouvert / diffusion à confirmer match par match;non;toute l'année + programmation Coupe du Monde à vérifier;réservation conseillée;Sortir à Paris + business ouvert;https://www.sortiraparis.com/en/where-to-eat-in-paris/bars-cafes/guides/346824-world-cup-2026-where-to-watch-the-france-senegal-match-in-paris-bars-and-fan-zones-or-where-to-go;business ouvert;2026-06-14;4;1;;;;;0;1;1;1;0;0;1;0;0;1;0;0;1;0;0;0;1;1;0;1;0;0;1;0;0;0;0;
Sports Bar & Lounge Disney Village;2 Avenue Paul Séramy, 77700 Chessy;Chessy;77;sports bar;sports bar IDF;10-20 €;20;nuageux;Sports bar immersif à Disney Village, ouvert au public, retransmissions sportives live.;ouvert;non;toute l'année + programmation Coupe du Monde à vérifier;public / réservation conseillée;Sortir à Paris + business ouvert;https://www.sortiraparis.com/en/where-to-eat-in-paris/bars-cafes/guides/346824-world-cup-2026-where-to-watch-the-france-senegal-match-in-paris-bars-and-fan-zones-or-where-to-go;business ouvert;2026-06-14;4;1;;;;;1;1;1;0;1;1;1;0;0;1;0;0;0;0;0;0;1;1;0;1;1;0;1;0;0;0;0;
Belushi's Gare du Nord;5 Rue de Dunkerque, 75010 Paris;Paris;10e;sports bar international;bar sportif;10-20 €;20;nuageux;Très gros sports bar avec 21 TVs/écrans cube, énorme capacité, tous sports et World Cup affichée.;ouvert confirmé / vérifier programmation du match précis;non;toute l'année + programmation Coupe du Monde à vérifier;public / réservation recommandée pour grands matchs;Belushi's officiel + Paris je t'aime + Time Out;https://belushis.com/paris-gare-du-nord | https://belushis.com/where-to-watch-the-world-cup | https://parisjetaime.com/article/fan-zones-paris-a1996;business ouvert + source de recommandation;2026-06-14;5;1;;Réserver pour France, finales et matchs de nuit.;;;1;1;1;0;1;0;1;0;0;1;1;1;0;0;0;0;1;1;0;1;0;0;1;0;0;0;0;
Belushi's Paris Canal;159 Rue de Crimée, 75019 Paris;Paris;19e;sports bar international;bar sportif;10-20 €;20;nuageux;Adresse Canal de Belushi's, crowd international, giant screens, every game live selon l'enseigne.;ouvert confirmé / vérifier programmation du match précis;non;toute l'année + programmation Coupe du Monde à vérifier;public / réservation recommandée pour grands matchs;Belushi's officiel + business ouvert;https://belushis.com/where-to-watch-the-world-cup | https://belushis.com/paris-canal;business ouvert + source de recommandation;2026-06-14;4;1;;Réserver pour France, finales et matchs de nuit.;;;1;1;1;0;1;0;1;0;0;1;1;0;0;0;0;0;1;1;0;1;0;0;1;0;0;0;0;
The French Flair;75 bis Boulevard de Clichy, 75009 Paris;Paris;9e;bar sportif / pub;bar sportif;10-20 €;20;nuageux;QG supporters à Place de Clichy, quatre écrans, ambiance sport puis DJ le week-end.;ouvert confirmé / vérifier programmation du match précis;non;toute l'année + programmation Coupe du Monde à vérifier;public / réservation recommandée pour grands matchs;Paris je t'aime + Time Out + Privateaser;https://parisjetaime.com/article/fan-zones-paris-a1996 | https://www.timeout.fr/paris/bar/ou-regarder-un-match | https://www.privateaser.com/lieu/160-the-french-flair;business ouvert + source de recommandation;2026-06-14;5;1;;Réserver pour France, finales et matchs de nuit.;;;1;1;1;0;1;0;1;0;0;1;1;1;1;0;0;0;1;1;0;1;0;0;1;0;0;0;0;
The Moose;16 Rue des Quatre Vents, 75006 Paris;Paris;6e;bar sportif canadien;bar sportif;10-20 €;20;nuageux;Pub canadien historique, 14 écrans, poutine/burgers, réservation recommandée pour matchs.;ouvert confirmé / vérifier programmation du match précis;non;toute l'année + programmation Coupe du Monde à vérifier;public / réservation recommandée pour grands matchs;Site officiel + Paris je t'aime + Visit Paris Region;https://www.mooseparis.com/en/ | https://parisjetaime.com/article/fan-zones-paris-a1996 | https://www.visitparisregion.com/en/the-moose;business ouvert + source de recommandation;2026-06-14;5;1;;Réserver pour France, finales et matchs de nuit.;;;1;1;1;1;1;0;1;0;0;1;1;0;0;0;0;0;1;1;0;1;0;0;1;0;0;0;0;
McBride's Irish Pub;54 Rue Saint-Denis, 75001 Paris;Paris;1er;irish pub sportif;bar/pub;10-20 €;20;nuageux;Pub irlandais central, vidéo-projecteur XXL, live sports, fermeture très tardive ven/sam.;ouvert confirmé / vérifier programmation du match précis;non;toute l'année + programmation Coupe du Monde à vérifier;public / réservation recommandée pour grands matchs;Paris je t'aime + CraicMap + Instagram bar;https://parisjetaime.com/article/fan-zones-paris-a1996 | https://www.craicmap.ie/bars/mcbrides-irish-pub-paris;business ouvert + source de recommandation;2026-06-14;4;1;;Réserver pour France, finales et matchs de nuit.;;;1;1;1;0;1;0;1;0;0;1;1;1;1;0;0;0;1;1;0;1;0;0;1;0;0;0;0;
Rush Bar;32 Rue Saint-Sébastien, 75011 Paris;Paris;11e;pub sportif;bar/pub;10-20 €;20;nuageux;Ambiance de quartier, diffusion ligues européennes, pub fiable pour gros matchs.;ouvert confirmé / vérifier programmation du match précis;non;toute l'année + programmation Coupe du Monde à vérifier;public / réservation recommandée pour grands matchs;Paris je t'aime + Time Out/LiberoGuide + business ouvert;https://parisjetaime.com/article/fan-zones-paris-a1996 | https://liberoguide.com/10-best-football-bars-in-paris/;business ouvert + source de recommandation;2026-06-14;4;1;;Réserver pour France, finales et matchs de nuit.;;;1;1;1;0;1;0;1;0;0;1;1;1;0;0;0;0;1;1;0;1;0;0;1;0;0;0;0;
The Long Hop;25 Rue Frédéric Sauton, 75005 Paris;Paris;5e;english pub sportif;bar/pub;10-20 €;20;nuageux;Pub sur deux niveaux avec nombreux écrans, foot/rugby/basket, forte ambiance anglophone.;ouvert confirmé / vérifier programmation du match précis;non;toute l'année + programmation Coupe du Monde à vérifier;public / réservation recommandée pour grands matchs;Time Out + Sortir à Paris + business ouvert;https://www.timeout.fr/paris/bar/ou-regarder-un-match | https://www.sortiraparis.com/en/where-to-eat-in-paris/bars-cafes/guides/175503-bars-pubs-broadcast-matches-paris;business ouvert + source de recommandation;2026-06-14;5;1;;Réserver pour France, finales et matchs de nuit.;;;1;1;1;0;1;0;1;0;0;1;1;1;0;0;0;0;1;1;0;1;0;0;1;0;0;0;0;
The Bombardier;2 Place du Panthéon, 75005 Paris;Paris;5e;english pub sportif;bar/pub;10-20 €;20;nuageux;Pub anglais près du Panthéon, live sports sur TV HD, happy hour pintes dès 6 €.;ouvert confirmé / vérifier programmation du match précis;non;toute l'année + programmation Coupe du Monde à vérifier;public / réservation recommandée pour grands matchs;Site officiel + Sortir à Paris + business ouvert;https://www.bombardierpub.fr/ | https://www.sortiraparis.com/en/where-to-eat-in-paris/bars-cafes/guides/175503-bars-pubs-broadcast-matches-paris;business ouvert + source de recommandation;2026-06-14;5;1;;Réserver pour France, finales et matchs de nuit.;;;1;1;1;0;1;0;1;0;0;1;1;0;0;0;0;0;1;1;0;1;0;0;1;0;0;0;0;
L'Atalante;26 Quai de la Marne, 75019 Paris;Paris;19e;bar à bières / canal;bar sportif;10-20 €;20;nuageux;Maxi terrasse au bord de l'eau, bières craft et diffusions sportives depuis l'extérieur.;ouvert confirmé / vérifier programmation du match précis;non;toute l'année + programmation Coupe du Monde à vérifier;public / réservation recommandée pour grands matchs;Time Out + business ouvert;https://www.timeout.fr/paris/bar/ou-regarder-un-match;business ouvert + source de recommandation;2026-06-14;4;1;;Réserver pour France, finales et matchs de nuit.;;;1;1;1;1;1;0;1;0;0;1;0;0;1;0;0;0;1;1;0;1;0;0;1;0;0;0;0;
La Victoire;11 Rue de Lappe, 75011 Paris;Paris;11e;sports bar;bar sportif;20-30 €;25;nuageux;Nouveau sports bar rue de Lappe, déco sport, nombreux écrans, cuisine Afrique de l'Ouest.;ouvert confirmé / vérifier programmation du match précis;non;toute l'année + programmation Coupe du Monde à vérifier;public / réservation recommandée pour grands matchs;Time Out + business ouvert;https://www.timeout.fr/paris/bar/ou-regarder-un-match;business ouvert + source de recommandation;2026-06-14;4;1;;Réserver pour France, finales et matchs de nuit.;;;1;1;1;0;1;0;1;0;0;1;1;0;0;0;0;0;1;1;0;1;0;0;1;0;0;0;0;
Brussels Beer Project Canal;47 bis Rue Bichat, 75010 Paris;Paris;10e;taproom craft beer;bar sportif;10-25 €;20;nuageux;Taproom Canal Saint-Martin, écran géant pour compétitions importantes, terrasse et 26 tireuses.;ouvert confirmé / vérifier programmation du match précis;non;toute l'année + programmation Coupe du Monde à vérifier;public / réservation recommandée pour grands matchs;Time Out + business ouvert;https://www.timeout.fr/paris/bar/ou-regarder-un-match;business ouvert + source de recommandation;2026-06-14;4;1;;Réserver pour France, finales et matchs de nuit.;;;1;1;1;1;1;0;1;0;0;1;0;0;0;0;0;0;1;1;0;1;0;0;1;0;0;0;0;
Les Cuves de Fauve;64 Rue de Charonne, 75011 Paris;Paris;11e;brewpub;bar sportif;20-30 €;25;nuageux;Brewpub Fauve avec bières craft, assiettes de saison et diffusions de matchs.;ouvert confirmé / vérifier programmation du match précis;non;toute l'année + programmation Coupe du Monde à vérifier;public / réservation recommandée pour grands matchs;Time Out + business ouvert;https://www.timeout.fr/paris/bar/ou-regarder-un-match;business ouvert + source de recommandation;2026-06-14;4;1;;Réserver pour France, finales et matchs de nuit.;;;1;1;1;1;0;0;1;0;0;1;0;0;0;0;0;0;1;1;0;1;0;0;1;0;0;0;0;
Paname Brewing Company;41 bis Quai de la Loire, 75019 Paris;Paris;19e;brewpub / canal;bar sportif;10-20 €;20;nuageux;Brewpub sur le bassin de la Villette, grande salle indus pour voir les matchs.;ouvert confirmé / vérifier programmation du match précis;non;toute l'année + programmation Coupe du Monde à vérifier;public / réservation recommandée pour grands matchs;Time Out + business ouvert;https://www.timeout.fr/paris/bar/ou-regarder-un-match;business ouvert + source de recommandation;2026-06-14;4;1;;Réserver pour France, finales et matchs de nuit.;;;1;1;1;1;1;0;1;0;0;1;0;0;1;0;0;0;1;1;0;1;0;0;1;0;0;0;0;
KIEZ Biergarten Montmartre;24 Rue Vauvenargues, 75018 Paris;Paris;18e;biergarten allemand;bar sportif;10-20 €;18;nuageux;Biergarten allemand, salle avec écran les soirs de match, currywurst/bretzels.;ouvert confirmé / vérifier programmation du match précis;non;toute l'année + programmation Coupe du Monde à vérifier;public / réservation recommandée pour grands matchs;Time Out + site officiel KIEZ;https://www.timeout.fr/paris/bar/ou-regarder-un-match | https://www.kiez.fr/biergartenmontmartre;business ouvert + source de recommandation;2026-06-14;4;1;;Réserver pour France, finales et matchs de nuit.;;;1;1;1;1;1;0;1;0;0;1;0;0;0;0;0;0;1;1;0;1;0;0;1;0;0;0;0;
Mez Beer;10 Rue Vandamme, 75014 Paris;Paris;14e;bar à bières bretonnes;bar sportif;10-20 €;20;nuageux;Bar à bières bretonnes, match projeté en salle, 15 pressions et nombreuses bouteilles.;ouvert confirmé / vérifier programmation du match précis;non;toute l'année + programmation Coupe du Monde à vérifier;public / réservation recommandée pour grands matchs;Time Out + business ouvert;https://www.timeout.fr/paris/bar/ou-regarder-un-match;business ouvert + source de recommandation;2026-06-14;4;1;;Réserver pour France, finales et matchs de nuit.;;;1;1;1;1;1;0;1;0;0;1;1;0;0;0;0;0;1;1;0;1;0;0;1;0;0;0;0;
Octopussy;22 Rue de la Jonquière, 75017 Paris;Paris;17e;bar rock / sports bar;bar sportif;10-20 €;20;nuageux;Bar de quartier rock avec écran déroulé les jours de foot/rugby.;ouvert confirmé / vérifier programmation du match précis;non;toute l'année + programmation Coupe du Monde à vérifier;public / réservation recommandée pour grands matchs;Time Out + business ouvert;https://www.timeout.fr/paris/bar/ou-regarder-un-match;business ouvert + source de recommandation;2026-06-14;4;1;;Réserver pour France, finales et matchs de nuit.;;;1;1;1;1;1;0;1;0;0;1;1;0;0;0;0;0;1;1;0;1;0;0;1;0;0;0;0;
Team Brothers;9 Rue Sorbier, 75020 Paris;Paris;20e;bistrot sportif / terrasse;bar sportif;10-20 €;18;nuageux;Bistrot de quartier recommandé par Time Out, grande terrasse et écran extérieur les soirs de match.;ouvert confirmé / vérifier programmation du match précis;non;toute l'année + programmation Coupe du Monde à vérifier;public / réservation recommandée pour grands matchs;Time Out + réseaux sociaux du lieu;https://www.timeout.fr/paris/bar/ou-regarder-un-match | https://www.facebook.com/barteambrothers/;business ouvert + source de recommandation;2026-06-14;3;1;;Réserver pour France, finales et matchs de nuit.;;;1;1;1;0;1;0;1;0;0;1;0;0;0;0;0;0;1;1;0;1;0;0;1;0;0;0;0;
Le Bar Fondamental - Pigalle;6 Rue André Antoine, 75018 Paris;Paris;18e;bar à bières craft;bar sportif;10-20 €;18;nuageux;Bar craft avec grand écran en cas de match, ambiance débordante dans la rue de Pigalle.;ouvert confirmé / vérifier programmation du match précis;non;toute l'année + programmation Coupe du Monde à vérifier;public / réservation recommandée pour grands matchs;Time Out + business ouvert;https://www.timeout.fr/paris/bar/ou-regarder-un-match;business ouvert + source de recommandation;2026-06-14;4;1;;Réserver pour France, finales et matchs de nuit.;;;1;1;1;1;1;0;1;0;0;1;1;0;0;0;0;0;1;1;0;1;0;0;1;0;0;0;0;
Le Nouvel Institut;1 Boulevard Saint-Germain, 75005 Paris;Paris;5e;brasserie sportive pas chère;bar/brasserie;1-10 €;12;pluie;"Brasserie bon marché, terrasse, matchs et billard; très bon tag pluie.";ouvert confirmé / vérifier programmation du match précis;non;toute l'année + programmation Coupe du Monde à vérifier;public / réservation recommandée pour grands matchs;Sortir à Paris + business ouvert;https://www.sortiraparis.com/en/where-to-eat-in-paris/bars-cafes/guides/175503-bars-pubs-broadcast-matches-paris;business ouvert + source de recommandation;2026-06-14;4;1;;Réserver pour France, finales et matchs de nuit.;;;1;1;1;0;1;1;1;0;0;1;1;0;0;0;0;0;1;1;0;1;0;0;1;0;0;0;0;
Hurling Pub;8 Rue Descartes, 75005 Paris;Paris;5e;irish sports pub;bar/pub;10-20 €;18;nuageux;Irish pub du 5e, live sports et ambiance festive.;ouvert confirmé / vérifier programmation du match précis;non;toute l'année + programmation Coupe du Monde à vérifier;public / réservation recommandée pour grands matchs;Sortir à Paris + business ouvert;https://www.sortiraparis.com/en/where-to-eat-in-paris/bars-cafes/guides/175503-bars-pubs-broadcast-matches-paris;business ouvert + source de recommandation;2026-06-14;4;1;;Réserver pour France, finales et matchs de nuit.;;;1;1;1;0;1;0;1;0;0;1;1;0;0;0;0;0;1;1;0;1;0;0;1;0;0;0;0;
The Green Goose;19 Rue des Boulets, 75011 Paris;Paris;11e;irish pub / tapas;bar/pub;10-20 €;20;nuageux;Irish pub convivial avec craft beers/tapas, diffuse ponctuellement les matchs.;ouvert confirmé / vérifier programmation du match précis;non;toute l'année + programmation Coupe du Monde à vérifier;public / réservation recommandée pour grands matchs;Sortir à Paris + business ouvert;https://www.sortiraparis.com/en/where-to-eat-in-paris/bars-cafes/guides/346824-world-cup-2026-where-to-watch-the-france-senegal-match-in-paris-bars-and-fan-zones-or-where-to-go;business ouvert + source de recommandation;2026-06-14;4;1;;Réserver pour France, finales et matchs de nuit.;;;1;1;1;1;1;0;1;0;0;1;1;0;0;0;0;0;1;1;0;1;0;0;1;0;0;0;0;
Patrick's - Le Ballon Vert;33 Rue de Montreuil, 75011 Paris;Paris;11e;irish pub / bar sportif;bar/pub;20-30 €;25;nuageux;"Irish pub spacieux, QG sports les jours de match; une source bière est contradictoire donc vérifier avant gros match.";ouvert confirmé / vérifier programmation du match précis;non;toute l'année + programmation Coupe du Monde à vérifier;public / réservation recommandée pour grands matchs;Sortir à Paris + Privateaser/Uniiti + business ouvert;https://www.sortiraparis.com/en/where-to-eat-in-paris/bars-cafes/guides/346824-world-cup-2026-where-to-watch-the-france-senegal-match-in-paris-bars-and-fan-zones-or-where-to-go | https://www.privateaser.com/lieu/5269-patricks-le-ballon-vert;business ouvert + source de recommandation;2026-06-14;3;1;;Réserver pour France, finales et matchs de nuit.;;;1;1;1;0;1;0;1;0;0;1;1;0;0;0;0;0;1;1;0;1;0;0;1;0;0;0;0;
The Blossom Arms;17 Rue Guy Môquet, 75017 Paris;Paris;17e;english pub / seafood;pub/restaurant;20-30 €;25;nuageux;"Pub britannique récent et très bien noté, Guinness, seafood pub; diffusion à confirmer match par match.";ouvert confirmé / vérifier programmation du match précis;non;toute l'année + programmation Coupe du Monde à vérifier;public / réservation recommandée pour grands matchs;Sortir à Paris + business ouvert;https://www.sortiraparis.com/en/where-to-eat-in-paris/bars-cafes/guides/175503-bars-pubs-broadcast-matches-paris;business ouvert + source de recommandation;2026-06-14;4;1;;Réserver pour France, finales et matchs de nuit.;;;1;1;1;1;0;1;1;0;0;1;0;0;0;0;0;0;1;1;0;1;0;0;1;0;0;0;0;
The Great Canadian Pub;25 Quai des Grands Augustins, 75006 Paris;Paris;6e;pub canadien / sport;bar/pub;10-20 €;20;nuageux;Pub canadien central sur la Seine, bon pour match entre potes et ambiance expat.;ouvert confirmé / vérifier programmation du match précis;non;toute l'année + programmation Coupe du Monde à vérifier;public / réservation recommandée pour grands matchs;Hotels.com sports bars + business ouvert;https://it.hotels.com/go/france/best-sports-bars-paris;business ouvert + source de recommandation;2026-06-14;4;1;;Réserver pour France, finales et matchs de nuit.;;;1;1;1;1;1;0;1;0;0;1;1;0;1;0;0;0;1;1;0;1;0;0;1;0;0;0;0;
The Bowler;13 Rue d'Artois, 75008 Paris;Paris;8e;english pub / sports bar;bar/pub;10-20 €;20;nuageux;Pub anglais avec grands écrans, fléchettes, burgers, bien situé Champs-Élysées.;ouvert confirmé / vérifier programmation du match précis;non;toute l'année + programmation Coupe du Monde à vérifier;public / réservation recommandée pour grands matchs;Hotels.com sports bars + business ouvert;https://it.hotels.com/go/france/best-sports-bars-paris;business ouvert + source de recommandation;2026-06-14;4;1;;Réserver pour France, finales et matchs de nuit.;;;1;1;1;0;1;0;1;0;0;1;1;0;0;0;0;0;1;1;0;1;0;0;1;0;0;0;0;
Pub Saint-Hilaire;2 Rue Valette, 75005 Paris;Paris;5e;pub sportif;bar/pub;10-20 €;18;nuageux;Pub du Quartier latin, sports bar classique, bon pour petit budget et nocturne ponctuel.;ouvert confirmé / vérifier programmation du match précis;non;toute l'année + programmation Coupe du Monde à vérifier;public / réservation recommandée pour grands matchs;Hotels.com sports bars + business ouvert;https://it.hotels.com/go/france/best-sports-bars-paris;business ouvert + source de recommandation;2026-06-14;4;1;;Réserver pour France, finales et matchs de nuit.;;;1;1;1;0;1;0;1;0;0;1;1;0;0;0;0;0;1;1;0;1;0;0;1;0;0;0;0;
Galway Irish Pub;13 Quai des Grands Augustins, 75006 Paris;Paris;6e;irish pub sportif;bar/pub;10-20 €;20;nuageux;Irish pub face Seine/Notre-Dame, jusqu'à 9 écrans selon LiberoGuide, fermeture tardive certains soirs.;ouvert confirmé / vérifier programmation du match précis;non;toute l'année + programmation Coupe du Monde à vérifier;public / réservation recommandée pour grands matchs;LiberoGuide + business ouvert;https://liberoguide.com/10-best-football-bars-in-paris/;business ouvert + source de recommandation;2026-06-14;4;1;;Réserver pour France, finales et matchs de nuit.;;;1;1;1;0;1;0;1;0;0;1;1;1;1;0;0;0;1;1;0;1;0;0;1;0;0;0;0;
The Auld Alliance;80 Rue François Miron, 75004 Paris;Paris;4e;scottish pub;bar/pub;10-20 €;20;nuageux;"Pub écossais central, live sports et ambiance expat; bon pour nations UK/Scotland.";ouvert confirmé / vérifier programmation du match précis;non;toute l'année + programmation Coupe du Monde à vérifier;public / réservation recommandée pour grands matchs;Business ouvert + guide pubs;https://www.sortiraparis.com/en/where-to-eat-in-paris/bars-cafes/guides/175503-bars-pubs-broadcast-matches-paris;business ouvert + source de recommandation;2026-06-14;3;1;;Réserver pour France, finales et matchs de nuit.;;;1;1;1;1;1;0;1;0;0;1;1;0;0;0;0;0;1;1;0;1;0;0;1;0;0;0;0;
The Frog & Princess;9 Rue Princesse, 75006 Paris;Paris;6e;brewpub / sports bar;bar/pub;10-20 €;20;nuageux;FrogPubs rive gauche, live sport, craft beer, burgers et ambiance pub anglais.;ouvert confirmé / vérifier programmation du match précis;non;toute l'année + programmation Coupe du Monde à vérifier;public / réservation recommandée pour grands matchs;FrogPubs officiel + business ouvert;https://frogpubs.com/whats-on/;business ouvert + source de recommandation;2026-06-14;4;1;;Réserver pour France, finales et matchs de nuit.;;;1;1;1;1;1;0;1;0;0;1;1;0;0;0;0;0;1;1;0;1;0;0;1;0;0;0;0;
Frog Hop House;10 Rue des Capucines, 75002 Paris;Paris;2e;brewpub / sports bar;bar/pub;20-30 €;25;nuageux;FrogPubs Opéra, live sport et craft beer, plus central/pro que d'autres pubs.;ouvert confirmé / vérifier programmation du match précis;non;toute l'année + programmation Coupe du Monde à vérifier;public / réservation recommandée pour grands matchs;FrogPubs officiel + business ouvert;https://frogpubs.com/whats-on/;business ouvert + source de recommandation;2026-06-14;4;1;;Réserver pour France, finales et matchs de nuit.;;;1;1;1;1;0;1;1;0;0;1;0;0;0;0;0;0;1;1;0;1;0;0;1;0;0;0;0;
Frog XVI;110 bis Avenue Kléber, 75016 Paris;Paris;16e;brewpub / sports bar;bar/pub;10-20 €;20;nuageux;"FrogPubs Trocadéro, sports bar élégant et spacieux; bon pour groupes/pro informel.";ouvert confirmé / vérifier programmation du match précis;non;toute l'année + programmation Coupe du Monde à vérifier;public / réservation recommandée pour grands matchs;FrogPubs officiel + Fanzo + business ouvert;https://frogpubs.com/whats-on/ | https://www.fanzo.com/fr/bar/108640/frog-xvi;business ouvert + source de recommandation;2026-06-14;4;1;;Réserver pour France, finales et matchs de nuit.;;;1;1;1;1;0;1;1;0;0;1;0;0;0;0;0;0;1;1;0;1;0;0;1;0;0;0;0;
The Frog & Rosbif;116 Rue Saint-Denis, 75002 Paris;Paris;2e;brewpub historique / sports;bar/pub;20-30 €;25;nuageux;Premier brewpub Frog, live sports dont football, Premier League et grands matchs.;ouvert confirmé / vérifier programmation du match précis;non;toute l'année + programmation Coupe du Monde à vérifier;public / réservation recommandée pour grands matchs;FrogPubs officiel + guide sports bars;https://frogpubs.com/our-pubs/the-frog-rosbif-pub-paris/ | https://frogpubs.com/whats-on/;business ouvert + source de recommandation;2026-06-14;4;1;;Réserver pour France, finales et matchs de nuit.;;;1;1;1;0;1;0;1;0;0;1;1;0;0;0;0;0;1;1;0;1;0;0;1;0;0;0;0;
The Pub;4 Rue Caron, 75004 Paris;Paris;4e;pub sportif compact;bar/pub;10-20 €;18;nuageux;"Petit pub très bien noté, connu des amateurs de foot; réserver ou venir tôt.";ouvert confirmé / vérifier programmation du match précis;non;toute l'année + programmation Coupe du Monde à vérifier;public / réservation recommandée pour grands matchs;LiberoGuide + business ouvert;https://liberoguide.com/10-best-football-bars-in-paris/;business ouvert + source de recommandation;2026-06-14;4;1;;Réserver pour France, finales et matchs de nuit.;;;1;1;1;1;1;0;1;0;0;1;0;0;0;0;0;0;1;1;0;1;0;0;1;0;0;0;0;
The Harp Bar;118 Boulevard de Clichy, 75018 Paris;Paris;18e;irish sports pub;bar/pub;10-20 €;18;nuageux;"Petit pub sport à Clichy/Blanche, très bon mais capacité limitée; venir tôt.";ouvert confirmé / vérifier programmation du match précis;non;toute l'année + programmation Coupe du Monde à vérifier;public / réservation recommandée pour grands matchs;LiberoGuide + business ouvert;https://liberoguide.com/10-best-football-bars-in-paris/;business ouvert + source de recommandation;2026-06-14;4;1;;Réserver pour France, finales et matchs de nuit.;;;0;1;1;0;1;0;1;0;0;1;1;0;0;0;0;0;1;1;0;1;0;0;1;0;0;0;0;
Lush Bar;16 Rue des Dames, 75017 Paris;Paris;17e;irish pub / Liverpool spot;bar/pub;1-30 €;18;nuageux;Pub sportif historique côté Liverpool, petit format, fléchettes et ambiance expat.;ouvert confirmé / vérifier programmation du match précis;non;toute l'année + programmation Coupe du Monde à vérifier;public / réservation recommandée pour grands matchs;LiberoGuide + business ouvert;https://liberoguide.com/10-best-football-bars-in-paris/;business ouvert + source de recommandation;2026-06-14;3;1;;Réserver pour France, finales et matchs de nuit.;;;1;1;1;1;1;0;1;0;0;1;1;0;0;0;0;0;1;1;0;1;0;0;1;0;0;0;0;
The Hideout Paris Gare du Nord;8 Boulevard de Denain, 75010 Paris;Paris;10e;pub / live sports;bar/pub;pinte env. 6,50-7,50 €;18;nuageux;"Pub près de Gare du Nord, live sports, happy hour; utile pour matchs tardifs.";ouvert confirmé / vérifier programmation du match précis;non;toute l'année + programmation Coupe du Monde à vérifier;public / réservation recommandée pour grands matchs;LiberoGuide + Tripadvisor/MisterGoodBeer + Instagram lieu;https://liberoguide.com/10-best-football-bars-in-paris/ | https://www.tripadvisor.com/Restaurant_Review-g187147-d4374408-Reviews-The_Hideout_Paris_Gare_du_Nord-Paris_Ile_de_France.html;business ouvert + source de recommandation;2026-06-14;3;1;;Réserver pour France, finales et matchs de nuit.;;;1;1;1;0;1;0;1;0;0;1;1;1;0;0;0;0;1;1;0;1;0;0;1;0;0;0;0;
The Coq & Bulldog;64 Rue de Clichy, 75009 Paris;Paris;9e;english pub;bar/pub;pinte HH env. 5,50 €;18;nuageux;"Pub anglo-français, football passion, petite capacité; horaires 17h-2h.";ouvert confirmé / vérifier programmation du match précis;non;toute l'année + programmation Coupe du Monde à vérifier;public / réservation recommandée pour grands matchs;LiberoGuide + Privateaser + pages lieu;https://liberoguide.com/10-best-football-bars-in-paris/ | https://www.privateaser.com/lieu/39984-the-coq-bulldog;business ouvert + source de recommandation;2026-06-14;3;1;;Réserver pour France, finales et matchs de nuit.;;;0;1;1;0;1;0;1;0;0;1;1;1;0;0;0;0;1;1;0;1;0;0;1;0;0;0;0;
O'Sullivans Franklin D. Roosevelt;63 Avenue Franklin Delano Roosevelt, 75008 Paris;Paris;8e;irish pub / club;bar sportif nocturne;10-30 €;25;nuageux;Grand pub irlandais proche Champs-Élysées, sports bar et club jusqu'à très tard.;ouvert confirmé / vérifier programmation du match précis;non;toute l'année + programmation Coupe du Monde à vérifier;public / réservation recommandée pour grands matchs;Business ouvert + sports bar;https://www.fanzo.com/fr/bars;business ouvert + source de recommandation;2026-06-14;3;1;;Réserver pour France, finales et matchs de nuit.;;;0;1;1;0;1;0;1;0;0;1;1;1;1;0;0;0;1;1;0;1;0;0;1;0;0;0;0;
Corcoran's Grands Boulevards;23 Boulevard Poissonnière, 75002 Paris;Paris;2e;irish pub / night bar;bar sportif nocturne;10-20 €;20;nuageux;Grand pub irlandais, horaires très tardifs, utile pour matchs de nuit.;ouvert confirmé / vérifier programmation du match précis;non;toute l'année + programmation Coupe du Monde à vérifier;public / réservation recommandée pour grands matchs;Business ouvert + réseau Corcoran's;https://www.craicmap.ie/;business ouvert + source de recommandation;2026-06-14;3;1;;Réserver pour France, finales et matchs de nuit.;;;0;1;1;0;1;0;1;0;0;1;1;1;1;0;0;0;1;1;0;1;0;0;1;0;0;0;0;
Corcoran's Sacré-Cœur;9-11 Rue Foyatier, 75018 Paris;Paris;18e;irish pub / sports bar;bar sportif nocturne;10-20 €;20;nuageux;Pub irlandais à Montmartre, sports bar, live music/night club et horaires tardifs.;ouvert confirmé / vérifier programmation du match précis;non;toute l'année + programmation Coupe du Monde à vérifier;public / réservation recommandée pour grands matchs;Business ouvert;https://www.craicmap.ie/;business ouvert + source de recommandation;2026-06-14;3;1;;Réserver pour France, finales et matchs de nuit.;;;0;1;1;0;1;0;1;0;0;1;1;1;1;0;0;0;1;1;0;1;0;0;1;0;0;0;0;
Stany's;40 Rue d'Enghien, 75010 Paris;Paris;10e;bar groupe / match;bar réservation;10-20 €;20;nuageux;"Bar bien noté et référencé pour premier match des Bleus; confirmation match par match nécessaire.";ouvert confirmé / vérifier programmation du match précis;non;toute l'année + programmation Coupe du Monde à vérifier;public / réservation recommandée pour grands matchs;Privateaser 2026 + business ouvert;https://www.privateaser.com/lieu/40836-stanys;business ouvert + source de recommandation;2026-06-14;3;1;;Réserver pour France, finales et matchs de nuit.;;;1;1;1;1;0;0;1;0;0;1;1;0;0;0;0;0;1;1;0;1;0;0;1;0;0;0;0;
Bal Rock;161 Rue Montmartre, 75002 Paris;Paris;2e;bar/club avec écrans;bar sportif nocturne;variable;25;nuageux;Très grand parc d'écrans annoncé, mais avis récents trop faibles pour recommandation app.;ouvert;non;toute l'année + programmation Coupe du Monde à vérifier;public;Hotels.com + business ouvert;https://it.hotels.com/go/france/best-sports-bars-paris;business ouvert;2026-06-14;2;0;Exclu car note business trop basse (~2,9/5). À garder en back-office seulement.;Exclu car note business trop basse (~2,9/5). À garder en back-office seulement.;;;0;0;1;0;0;0;0;0;0;1;1;1;0;0;0;0;1;1;0;1;0;0;1;0;0;0;0;
Café Oz Rooftop;34 Quai d'Austerlitz, Cité de la Mode et du Design, 75013 Paris;Paris;13e;rooftop bar/club avec retransmissions;bar/club sportif;variable;25;nuageux;Rooftop avec écrans géants et retransmissions sportives, mais avis trop faibles pour reco propre.;ouvert;non;toute l'année + programmation Coupe du Monde à vérifier;public / selon soirée;business description;;business ouvert;2026-06-14;2;0;Exclu car note business trop basse (~2,5/5) malgré retransmissions sportives.;Exclu car note business trop basse (~2,5/5) malgré retransmissions sportives.;;;0;0;1;0;0;0;0;0;0;1;1;1;1;0;0;0;1;1;0;1;0;0;1;0;0;0;0;
Café Oz Grands Boulevards;8 Boulevard Montmartre, 75009 Paris;Paris;9e;pub australien / club;bar/club sportif;10-20 €;20;nuageux;"Retransmissions sportives et horaires tardifs, mais notes moyennes; à ne pas pousser en priorité.";ouvert;non;toute l'année + programmation Coupe du Monde à vérifier;public;business description;;business ouvert;2026-06-14;2;0;Exclu ou faible priorité car note business moyenne (~3,3/5).;Exclu ou faible priorité car note business moyenne (~3,3/5).;;;0;0;1;0;0;0;0;0;0;1;1;1;0;0;0;0;1;1;0;1;0;0;1;0;0;0;0;
Heure Sup';299 Rue Lecourbe, 75015 Paris;Paris;15e;bar sportif;bar sportif récent;à confirmer;;nuageux;Adresse Fanzo récente pour sport, mais pas assez d'avis/business fiables.;ouverture non vérifiée solidement;non;toute l'année + programmation Coupe du Monde à vérifier;à confirmer;Fanzo;https://www.fanzo.com/fr/bar/107822/sports-bar-heure-sup;business incomplet;2026-06-14;2;0;"Exclu jusqu'à vérification terrain/téléphone; pas assez de signal qualité.";"Exclu jusqu'à vérification terrain/téléphone; pas assez de signal qualité.";;;0;0;1;0;0;0;0;0;0;1;0;0;0;0;0;0;1;1;0;1;0;0;1;0;0;0;0;
