nom,categorie_principale,adresse_complete,arrondissement,ville,petite_couronne,type,prix_eur_pers,prix_moyen_eur,budget_meteo,description_courte,statut,saisonnier,acces,lat,lng,inclure_app,avec_solo,avec_duo,avec_potos,avec_pro,pour_rooftop,pour_tranquillo,pour_allocco,pour_resto,pour_gastro,pour_incognito,pour_apero,pour_disco,pour_eau,pour_nocturne,pour_terrasse_hiver,pour_guinguette,pour_street_food,nationalite_street_food,budget_grand_soleil,budget_nuageux,budget_pluie,fiabilite,reco_sources,notes_app,source_url,date_verification
Le Tout-Paris,rooftop,"8 Quai du Louvre, 75001 Paris",01,Paris,0,restaurant / bar palace,100 €+,120,grand soleil,Adresse palace du Cheval Blanc avec terrasse et vue Seine / Pont-Neuf.,ouvert,toute l'annee,public / reservation indispensable,48.859121,2.342073,1,0,1,0,1,1,0,0,1,1,0,1,0,0,0,0,0,0,,1,0,0,bonne,The Rooftop Guide / TimeOut / site officiel selon ligne,,https://www.chevalblanc.com/en/maison/paris/restaurants-and-bars/le-tout-paris/,2026-06-14
ROOF Paris,rooftop,"43 Rue Étienne Marcel, 75001 Paris",01,Paris,0,bar / restaurant / jardin suspendu,20-50 €,35,nuageux,"Grand rooftop végétalisé de Madame Rêve, central, beau panorama et ambiance mode.",ouvert,toute l'annee / selon meteo,public / reservation conseillee,48.864884,2.344227,1,1,1,1,1,1,0,1,1,0,0,1,0,0,0,0,0,0,,0,1,0,bonne,The Rooftop Guide / TimeOut / site officiel selon ligne,,https://madamereve.com/restaurants/roof/,2026-06-14
Rooftop Eminente - Drawing Hotel,rooftop,"17 Rue de Richelieu, 75001 Paris",01,Paris,0,bar a cocktails / rooftop confidentiel,15-30 €,25,nuageux,"Petit rooftop caché près du Palais-Royal, esprit cubain et cocktails.",a verifier saison,saisonnier / pop-up,public / reservation conseillee,,,1,1,1,0,1,1,1,1,0,0,1,1,0,0,0,0,0,0,,0,1,0,a verifier,The Rooftop Guide / TimeOut / site officiel selon ligne,A garder si la saison/pop-up 2026 est active au moment d'afficher.,https://www.sortiraparis.com/hotel-restaurant/bar-cafes/articles/328034-au-drawing-hotel-un-rooftop-confidentiel-a-l-esprit-cubain-debarque-a-paris-pres-du-louvre,2026-06-14
Sequoia Rooftop Bar,rooftop,"27-29 Bd des Capucines, 75002 Paris",02,Paris,0,bar a cocktails / rooftop hotel chic,40-50 €,45,nuageux,"Rooftop chic du Kimpton St Honoré, vue centrale, ambiance premium et cocktails.",ouvert,toute l'annee,public / reservation conseillee,48.868548,2.318290,1,0,1,0,1,1,0,1,0,0,1,1,0,0,0,0,0,0,,0,1,0,bonne,The Rooftop Guide / TimeOut / site officiel selon ligne,,https://www.kimptonsthonoreparis.com/us/en/sequoia-rooftop-bar/,2026-06-14
The Shed,rooftop,"17 Bd Poissonnière, 75002 Paris",02,Paris,0,bar a cocktails / rooftop cache,15-30 €,22,nuageux,"Rooftop discret de l'Hotel des Grands Boulevards, petit, cosy et plus cache que panoramique.",ouvert,toute l'annee / selon meteo,public / reservation conseillee,48.869973,2.334171,1,1,1,0,1,1,1,1,0,0,1,1,0,0,0,0,0,0,,0,1,0,bonne,The Rooftop Guide / TimeOut / site officiel selon ligne,,https://www.grandsboulevardshotel.com/,2026-06-14
Rooftop National,rooftop,"243 Rue Saint-Martin, 75003 Paris",03,Paris,0,bar rooftop / hotel design,20-30 €,25,nuageux,"Rooftop compact et central de l'Hotel National des Arts et Metiers, vue sur les toits.",ouvert,toute l'annee / selon meteo,public / reservation conseillee,48.863537,2.347753,1,1,1,0,1,1,1,1,0,0,1,1,0,0,0,0,0,0,,0,1,0,bonne,The Rooftop Guide / TimeOut / site officiel selon ligne,,https://www.hotelnational.paris/,2026-06-14
Bonnie,rooftop,"10 Rue Agrippa d'Aubigné, 75004 Paris",04,Paris,0,restaurant / bar rooftop chic,100 €+,100,grand soleil,"Rooftop du SO/Paris avec vue Seine, Notre-Dame, Eiffel et ambiance très chic.",ouvert,toute l'annee,public / reservation indispensable,48.849978,2.362514,1,0,1,1,1,1,0,1,1,1,0,1,0,0,0,0,0,0,,1,0,0,bonne,The Rooftop Guide / TimeOut / site officiel selon ligne,,https://bonnie-restaurant.com/paris/,2026-06-14
Terraza Mikuna,rooftop,"1 Rue des Archives, 75004 Paris",04,Paris,0,bar a cocktails / restaurant latino / rooftop,20-70 €,45,nuageux,"Rooftop latino au BHV Marais, vegetal, festif, cocktails et cuisine sud-americaine.",ouvert,toute l'annee / selon meteo,public / reservation conseillee,48.857810,2.353330,1,0,1,1,0,1,0,1,1,0,0,1,0,0,0,0,0,0,,0,1,0,bonne,The Rooftop Guide / TimeOut / site officiel selon ligne,,https://www.terrassamikuna.com/,2026-06-14
Le Toit de la Tour,rooftop,"15 Quai de la Tournelle, 75005 Paris",05,Paris,0,bar / rooftop gastronomique,40-80 €,60,grand soleil,"Rooftop de la Tour d'Argent, vue Seine / Notre-Dame, champagne et cocktails.",ouvert,toute l'annee / selon meteo,public / reservation indispensable,48.849142,2.354306,1,0,1,0,1,1,0,1,0,1,1,1,0,0,0,0,0,0,,1,0,0,bonne,The Rooftop Guide / TimeOut / site officiel selon ligne,,https://tourdargent.com/,2026-06-14
Rooftop Bar Dame des Arts,rooftop,"4 Rue Danton, 75006 Paris",06,Paris,0,bar rooftop / hotel,10-60 €,35,nuageux,"Rooftop rive gauche, vue Notre-Dame, Eiffel et toits du quartier Saint-Michel.",ouvert,toute l'annee / selon meteo,public / reservation conseillee,48.853904,2.337882,1,1,1,1,1,1,1,1,0,0,0,1,0,0,0,0,0,0,,0,1,0,bonne,The Rooftop Guide / TimeOut / site officiel selon ligne,,https://hoteldamedesarts.com/,2026-06-14
Kinugawa Rive Gauche,rooftop,"55 Av. de Saxe, 75007 Paris",07,Paris,0,restaurant japonais / rooftop palace,100 €+,110,grand soleil,Restaurant japonais perché au sommet de l'Hotel Sax avec rooftop et vue Eiffel.,ouvert,toute l'annee / rooftop selon meteo,public / reservation indispensable,,,1,0,1,0,1,1,0,0,1,1,0,1,0,0,0,0,0,0,,1,0,0,bonne,The Rooftop Guide / TimeOut / site officiel selon ligne,,https://kinu-gawa.com/en-rivegauche.html,2026-06-14
Les Ombres,rooftop,"27 Quai Jacques Chirac, 75007 Paris",07,Paris,0,restaurant gastronomique / rooftop musee,80-140 €,100,grand soleil,"Restaurant sur le toit du musée du Quai Branly, terrasse panoramique et vue Eiffel.",ouvert,toute l'annee,public / reservation indispensable,,,1,0,1,0,1,1,0,0,1,1,0,1,0,0,0,0,0,0,,1,0,0,bonne,The Rooftop Guide / TimeOut / site officiel selon ligne,,https://www.lesombres-restaurant.com/en/,2026-06-14
Terrasse du Musée d'Orsay,rooftop,"Esplanade Valéry Giscard d'Estaing, 75007 Paris",07,Paris,0,terrasse rooftop musee / bar saisonnier,15-30 € + billet musee,25,nuageux,"Terrasse au-dessus de la Seine, ouverte en saison estivale, boissons et petites assiettes.",ouvert saison,ete seulement / selon meteo,avec billet musee / horaires musee,48.859961,2.326561,1,1,1,0,1,1,1,0,0,0,1,1,0,0,0,0,0,0,,0,1,0,bonne,The Rooftop Guide / TimeOut / site officiel selon ligne,,https://www.musee-orsay.fr/en/visit/restaurants%20and%20caf%C3%A9s,2026-06-14
FUGA R,rooftop,"28 Rue de Monceau, 75008 Paris",08,Paris,0,restaurant / rooftop 360 / bar,20-30 €,25,nuageux,"Rooftop au 12e étage près du parc Monceau, déco Canaries, vue 360 et accès discret.",ouvert,saisonnier / selon meteo,public / reservation conseillee,,,1,0,1,1,1,1,0,1,1,0,1,1,0,0,0,0,0,0,,0,1,0,bonne,The Rooftop Guide / TimeOut / site officiel selon ligne,,https://fugafamily.com/en/restaurants/fuga-rooftop,2026-06-14
Le Rooftop - Hotel Fouquet's Paris,rooftop,"46 Av. George V, 75008 Paris",08,Paris,0,restaurant / rooftop hotel luxe,60-120 €,90,grand soleil,"Rooftop premium du Fouquet's, adresse Champs-Elysees / George V.",ouvert,toute l'annee / selon meteo,public / reservation indispensable,,,1,0,1,0,1,1,0,0,1,1,1,1,0,0,0,0,0,0,,1,0,0,bonne,The Rooftop Guide / TimeOut / site officiel selon ligne,,https://www.hotelsbarriere.com/paris/le-fouquets/restaurants-et-bars/le-rooftop.html,2026-06-14
Mun Paris,rooftop,"52 Av. des Champs-Élysées, 75008 Paris",08,Paris,0,restaurant asiatique / terrasse rooftop,100 €+,110,grand soleil,Restaurant asiatique haut de gamme avec terrasse perchée sur les Champs-Elysees.,ouvert,toute l'annee / selon meteo,public / reservation indispensable,,,1,0,1,0,1,1,0,0,1,1,0,1,0,0,0,0,0,0,,1,0,0,bonne,The Rooftop Guide / TimeOut / site officiel selon ligne,,https://munparis.com/,2026-06-14
PLEY Rooftop,rooftop,"216 Rue du Faubourg Saint-Honoré, 75008 Paris",08,Paris,0,bar / restaurant rooftop hotel,10-20 €,18,pluie,"Rooftop d'hôtel avec aperitivo, cocktails et ambiance afterwork.",ouvert,saisonnier / selon meteo,public / reservation conseillee,,,1,1,1,1,1,1,0,1,1,0,0,1,0,0,0,0,0,0,,0,0,1,bonne,The Rooftop Guide / TimeOut / site officiel selon ligne,,https://pley-hotel.com/en/page/restaurant-bar-rooftop-paris.8302.html,2026-06-14
Balcon Paris - Galeries Lafayette,rooftop,"25 Rue de la Chaussée d'Antin, 75009 Paris",09,Paris,0,restaurant / rooftop grand magasin,20-60 €,35,nuageux,"Rooftop très touristique des Galeries Lafayette, vue Opera et toits de Paris.",ouvert,toute l'annee / selon meteo,public,48.873409,2.328004,1,1,1,1,0,1,1,0,1,0,0,1,0,0,0,0,0,0,,0,1,0,bonne,The Rooftop Guide / TimeOut / site officiel selon ligne,,https://www.galerieslafayette.com/magasin-haussmann/restaurants,2026-06-14
Créatures Paris,rooftop,"Galeries Lafayette Paris Haussmann, 25 Rue de la Chaussée d'Antin, 75009 Paris",09,Paris,0,restaurant vegetarien / rooftop saisonnier,25-50 €,35,nuageux,"Rooftop végétarien saisonnier sur les Galeries Lafayette, vue Opera et Tour Eiffel.",ouvert saison / a verifier,ete seulement,public / reservation conseillee,48.873409,2.328004,1,1,1,1,0,1,0,0,1,0,0,1,0,0,0,0,0,0,,0,1,0,a verifier,The Rooftop Guide / TimeOut / site officiel selon ligne,A activer seulement si la saison Créatures est confirmée.,https://www.galerieslafayette.com/magasin-haussmann/food-court/creatures,2026-06-14
Maggie Rooftop,rooftop,"55 Bd Marguerite de Rochechouart, 75009 Paris",09,Paris,0,restaurant / bar rooftop,30-80 €,45,nuageux,"Rooftop de l'Hotel Rochechouart, vue Sacré-Coeur, Pigalle chic et coucher de soleil.",ouvert,toute l'annee / selon meteo,public / reservation conseillee,48.882163,2.339618,1,0,1,1,1,1,0,1,1,0,0,1,0,0,0,0,0,0,,0,1,0,bonne,The Rooftop Guide / TimeOut / site officiel selon ligne,,https://www.orsohotels.com/hotel-rochechouart/rooftop-restaurant-maggie,2026-06-14
Perruche,rooftop,"Printemps de l'Homme, 2 Rue du Havre, 9e étage, 75009 Paris",09,Paris,0,restaurant mediterraneen / rooftop,30-80 €,50,nuageux,"Grand rooftop du Printemps, vue Opera, Eiffel et toits de Paris, ambiance solaire.",ouvert,toute l'annee / selon meteo,public / reservation conseillee,48.872906,2.322927,1,0,1,1,1,1,0,1,1,0,0,1,0,0,0,0,0,0,,0,1,0,bonne,The Rooftop Guide / TimeOut / site officiel selon ligne,,https://perruche-restaurant.com/paris/,2026-06-14
Khayma Rooftop,rooftop,"9-11 Place du Colonel Fabien, 75010 Paris",10,Paris,0,bar rooftop / hostel,10-20 €,15,pluie,"Rooftop jeune et accessible du Generator, vue Sacré-Coeur, idéal apéro simple.",ouvert,toute l'annee / selon meteo,public,48.878349,2.362068,1,1,1,1,0,1,1,1,0,0,0,1,0,0,0,0,0,0,,0,0,1,bonne,The Rooftop Guide / TimeOut / site officiel selon ligne,,https://generatorhostels.com/destinations/paris/,2026-06-14
Le Perchoir Ménilmontant,rooftop,"14 Rue Camille Crespin du Gast, 75011 Paris",11,Paris,0,bar / restaurant / rooftop festif,15-35 €,25,nuageux,"Classique rooftop de l'Est parisien, ambiance branchée et festive.",ouvert,toute l'annee / selon meteo,public / file possible,48.863454,2.372165,1,0,1,1,0,1,0,1,1,0,0,1,0,0,0,0,0,0,,0,1,0,bonne,The Rooftop Guide / TimeOut / site officiel selon ligne,,https://leperchoir.fr/,2026-06-14
Laho Rooftop,rooftop,"5-9 Rue Van Gogh, 75012 Paris",12,Paris,0,bar / restaurant / rooftop evenementiel,10-30 €,22,nuageux,"Rooftop à 60 m près de Gare de Lyon, vue très dégagée, DJ et événements.",ouvert,toute l'annee / selon meteo,public / reservation conseillee,48.843539,2.368916,1,0,1,1,1,1,0,1,1,0,0,1,0,0,0,0,0,0,,0,1,0,bonne,The Rooftop Guide / TimeOut / site officiel selon ligne,,https://www.laho-rooftop.fr/,2026-06-14
TOO TacTac Skybar,rooftop,"65 Rue Bruneseau, 75013 Paris",13,Paris,0,skybar / restaurant / live music,25-60 €,40,nuageux,"Skybar très haut du TOO Hotel, vue Seine, Eiffel et monuments, privatisable.",ouvert,toute l'annee,public / reservation conseillee,48.825739,2.374621,1,0,1,1,1,1,0,1,1,0,0,1,0,0,0,0,0,0,,0,1,0,bonne,The Rooftop Guide / TimeOut / site officiel selon ligne,,https://toohotel.com/en/tac-tac-skybar-en/,2026-06-14
Skybar Paris Rooftop,rooftop,"19 Rue du Commandant René Mouchotte, 75014 Paris",14,Paris,0,cocktail bar / skybar hotel,20-80 €,50,nuageux,"Bar du Pullman Montparnasse au 32e étage, panorama spectaculaire et ambiance lounge.",ouvert,toute l'annee,public / reservation conseillee,48.838810,2.296433,1,0,1,1,1,1,0,1,0,0,1,1,0,0,0,0,0,0,,0,1,0,bonne,The Rooftop Guide / TimeOut / site officiel selon ligne,,https://www.skybarparis.com/,2026-06-14
10ème Ciel - Rooftop Bar Paris,rooftop,"18 Av. de Suffren, 75015 Paris",15,Paris,0,bar rooftop pop-up / vue Tour Eiffel,20-70 €,45,nuageux,Rooftop pop-up face a la Tour Eiffel au Pullman Paris Tour Eiffel.,temporairement ferme / pop-up,saisonnier / pop-up,public quand actif,48.856726,2.290269,0,0,1,1,0,1,0,1,0,0,0,1,0,0,0,0,0,0,,0,1,0,a verifier,The Rooftop Guide / TimeOut / site officiel selon ligne,Business listing indique temporairement fermé; ne pas afficher tant que non réouvert.,https://www.therooftopguide.com/rooftop-bars-in-paris.html,2026-06-14
ILVOLO Bar Rooftop,rooftop,"257 Rue de Vaugirard, 7e étage, 75015 Paris",15,Paris,0,bar / restaurant italien / rooftop,10-20 €,18,pluie,"Rooftop italien du Novotel Vaugirard, bon afterwork avec vue Tour Eiffel.",ouvert,toute l'annee / selon meteo,public / reservation conseillee,48.840341,2.296442,1,1,1,1,1,1,0,1,1,0,0,1,0,0,0,0,0,0,,0,0,1,bonne,The Rooftop Guide / TimeOut / site officiel selon ligne,,https://www.ilvolo-paris.com/,2026-06-14
Villa M Rooftop,rooftop,"24-30 Bd Pasteur, 75015 Paris",15,Paris,0,restaurant / bar rooftop vegetal,25-50 €,35,nuageux,"Rooftop végétal de Villa M, vue Eiffel, Montparnasse et Invalides, cadre confidentiel.",ouvert saison,mai a septembre / selon meteo,public / reservation conseillee,,,1,1,1,0,1,1,1,0,1,0,1,1,0,0,0,0,0,0,,0,1,0,bonne,The Rooftop Guide / TimeOut / site officiel selon ligne,,https://www.hotelvillam-paris15.com/restaurant-rooftop,2026-06-14
Auteuil Brasserie,rooftop,"78 Rue d'Auteuil, 75016 Paris",16,Paris,0,brasserie / terrasse rooftop vegetalisee,20-60 €,40,nuageux,"Grande brasserie végétalisée avec terrasse en hauteur, plus conviviale que skybar.",ouvert,toute l'annee,public / reservation conseillee,,,1,1,1,1,1,1,0,0,1,0,0,1,0,0,0,0,0,0,,0,1,0,bonne,The Rooftop Guide / TimeOut / site officiel selon ligne,,https://auteuil.paris/,2026-06-14
Brach Rooftop,rooftop,"1-7 Rue Jean Richepin, 75016 Paris",16,Paris,0,bar rooftop / hotel luxe,30-40 €,35,nuageux,"Rooftop-jardin du Brach, vue Tour Eiffel, potager et ambiance hôtel design.",ouvert,toute l'annee / selon meteo,public / clients hotel / reservation conseillee,48.858650,2.276450,1,0,1,0,1,1,1,1,0,0,1,1,0,0,0,0,0,0,,0,1,0,bonne,The Rooftop Guide / TimeOut / site officiel selon ligne,,https://brachparis.com/,2026-06-14
Eylau Paris Rooftop Bar,rooftop,"16 Av. d'Eylau, 75116 Paris",16,Paris,0,bar rooftop / hotel,10-60 €,35,nuageux,"Rooftop du Canopy by Hilton Paris Trocadéro, vue Eiffel, ambiance calme et chic.",ouvert / a verifier horaires,toute l'annee / selon meteo,public / reservation conseillee,48.864677,2.282012,1,1,1,0,1,1,1,1,0,0,0,1,0,0,0,0,0,0,,0,1,0,a verifier,The Rooftop Guide / TimeOut / site officiel selon ligne,,https://www.hilton.com/en/hotels/parptpy-canopy-paris-trocadero/dining/,2026-06-14
Hôtel Raphael Rooftop,rooftop,"17 Av. Kléber, 75116 Paris",16,Paris,0,bar / restaurant rooftop hotel luxe,40-90 €,65,grand soleil,"Rooftop classique et confidentiel de l'hôtel Raphael, ouvert d'avril a septembre.",ouvert saison / a verifier,avril a septembre,public / reservation conseillee,,,1,0,1,0,1,1,1,0,0,1,1,1,0,0,0,0,0,0,,1,0,0,a verifier,The Rooftop Guide / TimeOut / site officiel selon ligne,,https://www.raphael-hotel.com/en/,2026-06-14
L'Oiseau Blanc,rooftop,"19 Av. Kléber, 75116 Paris",16,Paris,0,restaurant gastronomique / rooftop palace,100 €+,140,grand soleil,"Restaurant rooftop du Peninsula, gastronomie, vue Tour Eiffel, très premium.",ouvert,toute l'annee,public / reservation indispensable,48.870660,2.287961,1,0,1,0,1,1,0,0,1,1,0,1,0,0,0,0,0,0,,1,0,0,bonne,The Rooftop Guide / TimeOut / site officiel selon ligne,,https://www.peninsula.com/en/paris/hotel-fine-dining/loiseau-blanc-rooftop-restaurant,2026-06-14
La Suite Girafe,rooftop,"1 Pl. du Trocadéro et du 11 Novembre, 75016 Paris",16,Paris,0,restaurant / terrasse rooftop luxe,80-140 €,100,grand soleil,"Adresse Paris Society au Palais de Chaillot, vue Tour Eiffel, cuisine chic.",ouvert,toute l'annee / selon meteo,public / reservation indispensable,,,1,0,1,0,1,1,0,0,1,1,0,1,0,0,0,0,0,0,,1,0,0,bonne,The Rooftop Guide / TimeOut / site officiel selon ligne,,https://girafe-restaurant.com/la-suite/,2026-06-14
Restaurant Toit Terrasse Molitor,rooftop,"6 Av. de la Porte Molitor, 75016 Paris",16,Paris,0,restaurant rooftop / hotel piscine,30-90 €,60,grand soleil,"Rooftop de Molitor, ambiance piscine mythique, ouest parisien et beaux jours.",ouvert,toute l'annee / selon meteo,public / reservation conseillee,48.844409,2.252352,1,0,1,1,1,1,0,0,1,0,0,1,0,0,0,0,0,0,,1,0,0,bonne,The Rooftop Guide / TimeOut / site officiel selon ligne,,https://molitorparis.com/,2026-06-14
Zoku Paris - The Living Kitchen,rooftop,"48 Av. de la Porte de Clichy, Floor 8, 75017 Paris",17,Paris,0,rooftop restaurant / bar / coworking,20-40 €,30,nuageux,"Rooftop social et lumineux face au Tribunal de Paris, bon pour coworking, lunch et afterwork.",ouvert,toute l'annee,public / reservation conseillee,,,1,1,1,1,1,1,1,0,1,0,0,1,0,0,0,0,0,0,,0,1,0,bonne,The Rooftop Guide / TimeOut / site officiel selon ligne,,https://livezoku.com/paris/rooftop-bar-in-paris/,2026-06-14
Bar a Bulles,rooftop,"4 Cité Véron, 75018 Paris",18,Paris,0,bar / brunch / terrasse cachee,10-20 €,15,pluie,"Terrasse cachée de la Machine du Moulin Rouge, bohème, culturelle et accessible.",ouvert,toute l'annee / selon meteo,public,48.884330,2.333760,1,1,1,1,0,1,1,1,0,0,1,1,0,0,0,0,0,0,,0,0,1,bonne,The Rooftop Guide / TimeOut / site officiel selon ligne,,https://www.lamachinedumoulinrouge.com/le-bar-a-bulles/,2026-06-14
Coeur Sacre,rooftop,"5 Rue Saint-Éleuthère, 75018 Paris",18,Paris,0,restaurant / bar / rooftop Montmartre,10-50 €,30,nuageux,"Lieu en hauteur à Montmartre, vue Sacré-Coeur et Tour Eiffel, plutôt journée et apéro.",ouvert,toute l'annee,public,,,1,1,1,1,0,1,1,0,1,0,0,1,0,0,0,0,0,0,,0,1,0,bonne,The Rooftop Guide / TimeOut / site officiel selon ligne,,https://paris-society-events.com/salles/coeur-sacre/,2026-06-14
Plantation Paris,rooftop,"37 Rue des Cheminots, 75018 Paris",18,Paris,0,ferme urbaine / rooftop evenementiel,10-30 €,20,pluie,"Immense ferme urbaine en toiture, alternatif, events, week-end et ambiance outdoor.",ouvert saison / a verifier,saisonnier,public selon programmation,,,1,1,1,1,0,1,1,0,0,0,1,1,0,0,0,0,0,0,,0,0,1,a verifier,The Rooftop Guide / TimeOut / site officiel selon ligne,,https://www.plantation.paris/,2026-06-14
Station M by Maison Montmartre,rooftop,"32 Av. de la Porte de Montmartre, 75018 Paris",18,Paris,0,restaurant / bar rooftop hotel,20-30 €,25,nuageux,"Rooftop d'hôtel au nord de Montmartre, bon pour brunch, apéro et groupe calme.",ouvert,toute l'annee,public,,,1,1,1,1,1,1,1,0,1,0,0,1,0,0,0,0,0,0,,0,1,0,bonne,The Rooftop Guide / TimeOut / site officiel selon ligne,,https://hotelmaisonmontmartre.com/en/page/paris-rooftop-bar-restaurant.38219.html,2026-06-14
Terrass'' Rooftop Bar,rooftop,"12 Rue Joseph de Maistre, 75018 Paris",18,Paris,0,bar rooftop / hotel,10-50 €,30,nuageux,"Rooftop de Montmartre avec vue Eiffel et Paris, classique pour coucher de soleil.",ouvert,toute l'annee,public / reservation conseillee,48.885675,2.328959,1,1,1,1,1,1,1,1,0,0,0,1,0,0,0,0,0,0,,0,1,0,bonne,The Rooftop Guide / TimeOut / site officiel selon ligne,,https://www.terrass-hotel.com/,2026-06-14
Le Toit de La Bellevilloise,rooftop,"19-21 Rue Boyer, 75020 Paris",20,Paris,0,bar rooftop / culturel,10-30 €,20,pluie,"Rooftop populaire et culturel de Belleville/Ménilmontant, bon pour potes et apéro.",ouvert,saisonnier / selon meteo,public,48.872182,2.386794,1,1,1,1,0,1,1,1,0,0,0,1,0,0,0,0,0,0,,0,0,1,bonne,The Rooftop Guide / TimeOut / site officiel selon ligne,,https://www.labellevilloise.com/,2026-06-14
Mama Shelter Paris East Rooftop,rooftop,"109 Rue de Bagnolet, 75020 Paris",20,Paris,0,bar / restaurant rooftop hotel,15-35 €,25,nuageux,"Rooftop détendu avec esprit groupe, babyfoot/ping-pong selon saison, pas le plus panoramique.",ouvert / rooftop selon saison,saisonnier / selon meteo,public / reservation conseillee,48.858705,2.390287,1,1,1,1,0,1,1,0,1,0,0,1,0,0,0,0,0,0,,0,1,0,bonne,The Rooftop Guide / TimeOut / site officiel selon ligne,,https://mamashelter.com/paris-east/eat-drink/,2026-06-14
Skyline Paris Lounge & Bar,rooftop,"Hotel Meliá Paris La Défense, 4 Espl. du Général de Gaulle, 92400 Courbevoie",,Courbevoie,1,bar rooftop / hotel / skyline,10-50 €,30,nuageux,"Rooftop Grand Paris à La Défense, vue skyline et Paris, utile si tu inclus petite couronne.",ouvert,toute l'annee / selon meteo,public / reservation conseillee,48.889372,2.244494,1,0,1,1,1,1,1,1,0,0,0,1,0,0,0,0,0,0,,0,1,0,bonne,The Rooftop Guide / TimeOut / site officiel selon ligne,,https://www.melia.com/en/hotels/france/paris/melia-paris-la-defense/restaurants/skyline-paris-lounge-bar,2026-06-14
Little Red Door,speakeasy / cocktail,"60 Rue Charlot, 75003 Paris",03,Paris,0,bar a cocktails / speakeasy,10-50 €,30,nuageux,"Bar caché iconique du Marais, signature cocktails, ambiance confidentielle.",ouvert,toute l'annee,public,,,1,0,1,1,1,0,0,0,0,0,1,1,0,0,1,0,0,0,,0,1,0,bonne,TimeOut speakeasy / 50 Best Discovery / fiche business,,https://www.lrdparis.com/,2026-06-14
Candelaria,speakeasy / taco bar,"52 Rue de Saintonge, 75003 Paris",03,Paris,0,taqueria / bar caché,20-30 €,25,nuageux,"Taqueria mexicaine avec bar caché derrière, parfait incognito + tacos.",ouvert,toute l'annee,public,,,1,1,1,1,0,0,0,1,0,0,1,1,0,0,1,0,0,1,mexicain / tacos,0,1,0,bonne,TimeOut speakeasy / 50 Best Discovery / fiche business,,https://www.candelariaparis.com/,2026-06-14
Moonshiner,speakeasy / cocktail,"5 Rue Sedaine, 75011 Paris",11,Paris,0,bar a cocktails / speakeasy,10-20 €,18,pluie,"Speakeasy accessible par une chambre froide derrière une pizzeria, décor prohibition.",ouvert,toute l'annee,public,,,1,0,1,1,0,0,0,0,0,0,1,1,0,0,1,0,0,0,,0,0,1,bonne,TimeOut speakeasy / Petit Futé / site officiel / fiche business,,https://moonshinerbar.fr/,2026-06-14
Lavomatic,speakeasy / cocktail,"30 Rue René Boulanger, 75010 Paris",10,Paris,0,bar a cocktails / speakeasy,10-20 €,18,pluie,"Bar caché derrière une laverie, très concept, bon tag incognito.",ouvert,toute l'annee,public,,,1,0,1,1,0,0,0,0,0,0,1,1,0,0,1,0,0,0,,0,0,1,bonne,TimeOut speakeasy / fiche business,,https://www.timeout.fr/paris/bars/les-meilleurs-speakeasys-de-paris,2026-06-14
L'Epicier,speakeasy / cocktail,"24 Rue Notre Dame de Nazareth, 75003 Paris",03,Paris,0,bar a cocktails / speakeasy,10-20 €,18,pluie,"Entrée façon épicerie de quartier, bar caché compact et très app-friendly.",ouvert,toute l'annee,public,,,1,0,1,1,0,0,0,0,0,0,1,1,0,0,1,0,0,0,,0,0,1,bonne,Petit Futé hidden bars / fiche business,,https://www.lepicier.paris/,2026-06-14
No Entry,speakeasy / cocktail,"20 bis Rue de Douai, 75009 Paris",09,Paris,0,bar a cocktails caché,10-20 €,18,pluie,"Bar caché sous Pink Mamma, entrée discrète, bon spot duo/potos.",ouvert,toute l'annee,public,,,1,0,1,1,0,0,0,0,0,0,1,1,0,0,1,0,0,0,,0,0,1,bonne,fiches guides speakeasy / fiche business,,https://www.bigmammagroup.com/fr/trattorias/no-entry,2026-06-14
La Mezcaleria Paris,speakeasy / mezcal bar,"13 Bd du Temple, 75003 Paris",03,Paris,0,bar a cocktails / mezcaleria,10-20 €,18,pluie,"Bar caché de l'hôtel 1K, spécialisé mezcal et vibe latine.",ouvert,toute l'annee,public,,,1,0,1,1,0,0,0,0,0,0,1,1,0,0,1,0,0,0,,0,0,1,bonne,fiche business / guides bars cachés,,https://www.1k-paris.com/la-mezcaleria/,2026-06-14
Experimental Cocktail Club,cocktail / nocturne,"37 Rue Saint-Sauveur, 75002 Paris",02,Paris,0,bar a cocktails,10-20 €,18,pluie,"Institution cocktail parisienne, ouvert tard le week-end.",ouvert,toute l'annee,public,,,1,0,1,1,1,0,0,0,0,0,0,1,0,0,1,0,0,0,,0,0,1,bonne,TimeOut cocktails / fiche business,,https://www.experimentalcocktailclub.com/paris/,2026-06-14
Danico,cocktail / bar reconnu,"6 Rue Vivienne, 75002 Paris",02,Paris,0,bar a cocktails,10-30 €,22,nuageux,"Cocktail bar reconnu dans la Galerie Vivienne, bon pour date ou pro cool.",ouvert,toute l'annee,public,,,1,0,1,1,1,0,0,0,0,0,0,1,0,0,1,0,0,0,,0,1,0,bonne,TimeOut cocktails / fiche business,,https://www.danico-paris.com/,2026-06-14
The Cambridge Public House,cocktail pub reconnu,"8 Rue de Poitou, 75003 Paris",03,Paris,0,cocktail pub / bar,15-30 €,25,nuageux,"Cocktail pub du Marais, classé par 50 Best, plus chaleureux que guindé.",ouvert,toute l'annee,public,,,1,1,1,1,1,0,0,0,0,0,0,1,0,0,1,0,0,0,,0,1,0,bonne,World's 50 Best Bars / TimeOut cocktails,,https://www.thecambridge.paris/,2026-06-14
Bar Nouveau,cocktail / date,"5 Rue des Haudriettes, 75003 Paris",03,Paris,0,bar a cocktails,10-20 €,18,pluie,"Petit bar cocktail art nouveau, intime, très bon pour duo.",ouvert,toute l'annee,public,,,1,1,1,0,1,0,0,0,0,0,0,1,0,0,1,0,0,0,,0,0,1,bonne,TimeOut cocktails / fiche business,,https://www.timeout.com/paris/en/bars-pubs/best-cocktail-bars-in-paris,2026-06-14
Fréquence,cocktail / musique,"20 Rue Keller, 75011 Paris",11,Paris,0,bar a cocktails / vinyl bar,20-30 €,25,nuageux,"Cocktails + sélection musicale/vinyle, bon apéro tardif sans être une boîte.",ouvert,toute l'annee,public,,,1,1,1,1,0,0,0,0,0,0,0,1,0,0,1,0,0,0,,0,1,0,bonne,TimeOut cocktails / TimeOut world's best bars / fiche business,,https://www.timeout.com/travel/worlds-best-bars,2026-06-14
Combat,cocktail,"63 Rue de Belleville, 75019 Paris",19,Paris,0,bar a cocktails,10-20 €,18,pluie,"Bar cocktail reconnu côté Belleville, ambiance cool et moins bling.",ouvert,toute l'annee,public,,,1,1,1,1,0,0,0,0,0,0,0,1,0,0,1,0,0,0,,0,0,1,bonne,TimeOut cocktails / fiche business,,https://www.timeout.com/paris/en/bars-pubs/best-cocktail-bars-in-paris,2026-06-14
Bisou.,cocktail / no menu,"15 Bd du Temple, 75003 Paris",03,Paris,0,bar a cocktails,10-20 €,18,pluie,"Bar sans carte fixe, cocktails selon goûts, bon premier date pas trop formel.",ouvert,toute l'annee,public,,,1,1,1,1,0,0,0,0,0,0,0,1,0,0,1,0,0,0,,0,0,1,bonne,fiche business / guides cocktails,,https://www.bisouparis.com/,2026-06-14
CopperBay,cocktail,"5 Rue Bouchardon, 75010 Paris",10,Paris,0,bar a cocktails,10-20 €,18,pluie,"Cocktail bar reconnu, ambiance bord de mer chic mais détendue.",ouvert,toute l'annee,public,,,1,1,1,1,0,0,0,0,0,0,0,1,0,0,1,0,0,0,,0,0,1,bonne,fiche business / guides cocktails,,https://www.copperbay.fr/,2026-06-14
Sister Midnight,cocktail / date,"4 Rue Viollet-le-Duc, 75009 Paris",09,Paris,0,bar a cocktails,10-20 €,18,pluie,"Petit cocktail bar intime, bien pour duo / premier verre.",ouvert,toute l'annee,public,,,1,1,1,0,0,0,0,0,0,0,0,1,0,0,1,0,0,0,,0,0,1,bonne,TimeOut cocktails / fiche business,,https://www.timeout.com/paris/en/bars-pubs/best-cocktail-bars-in-paris,2026-06-14
Harry's New York Bar,cocktail classique,"5 Rue Daunou, 75002 Paris",02,Paris,0,bar a cocktails historique,10-20 €,20,pluie,"Institution historique des cocktails à Paris, classique et central.",ouvert,toute l'annee,public,,,1,1,1,1,1,0,0,0,0,0,0,1,0,0,1,0,0,0,,0,0,1,bonne,guides bars classiques / fiche business,,https://www.harrysbar.fr/,2026-06-14
Le Tres Particulier,cocktail / caché,"23 Av. Junot Pavillon D, 75018 Paris",18,Paris,0,cocktail bar / hotel particulier,25-45 €,35,nuageux,"Bar confidentiel de l'Hôtel Particulier Montmartre, très duo/incognito.",ouvert,toute l'annee,public,,,1,0,1,0,1,0,0,0,0,0,1,1,0,0,1,0,0,0,,0,1,0,bonne,fiche business / guides bars cachés,,https://www.hotelparticulier.com/,2026-06-14
Serpent a Plume,bar / restaurant / events,"24 Pl. des Vosges, 75003 Paris",03,Paris,0,restaurant / cocktail bar / club privé vibe,10-60 €,40,nuageux,"Adresse Place des Vosges, hybride bar-restaurant, plus sélective et nocturne.",ouvert,toute l'annee,public,,,1,0,1,1,1,0,0,0,1,0,1,1,0,0,1,0,0,0,,0,1,0,bonne,TimeOut speakeasy / fiche business,,https://www.timeout.fr/paris/bars/les-meilleurs-speakeasys-de-paris,2026-06-14
Rex Club,disco / club,"5 Bd Poissonnière, 75002 Paris",02,Paris,0,club techno / house,15-25 €,22,nuageux,"Institution techno/house parisienne, recommandée pour vraie sortie club.",ouvert,selon programmation,billetterie / programmation,,,1,1,1,1,0,0,0,0,0,0,0,0,1,0,1,0,0,0,,0,1,0,bonne,Resident Advisor clubs Paris / fiche business,,https://ra.co/guides/clubs-in-paris,2026-06-14
Djoon Club,disco / club,"22 Bd Vincent Auriol, 75013 Paris",13,Paris,0,club house / soul / disco,15-25 €,22,nuageux,"Club reconnu pour house, soulful et disco; vraie piste, pas simple bar.",ouvert,selon programmation,billetterie / programmation,,,1,1,1,1,0,0,0,0,0,0,0,0,1,0,1,0,0,0,,0,1,0,bonne,Resident Advisor clubs Paris / fiche business,,https://ra.co/guides/clubs-in-paris,2026-06-14
Badaboum,disco / club,"2 bis Rue des Taillandiers, 75011 Paris",11,Paris,0,club / live venue,15-30 €,25,nuageux,"Salle Bastille fiable pour concerts, DJ sets et clubbing.",ouvert,selon programmation,billetterie / programmation,,,1,1,1,1,0,0,0,0,0,0,0,0,1,0,1,0,0,0,,0,1,0,bonne,Resident Advisor clubs Paris / fiche business,,https://ra.co/guides/clubs-in-paris,2026-06-14
La Machine du Moulin Rouge,disco / club,"90 Bd de Clichy, 75018 Paris",18,Paris,0,night club / live venue,15-30 €,25,nuageux,"Grosse salle reconnue Pigalle, programmation club/concert.",ouvert,selon programmation,billetterie / programmation,,,1,0,1,1,0,0,0,0,0,0,0,0,1,0,1,0,0,0,,0,1,0,bonne,lieu reconnu / fiche business,,https://www.lamachinedumoulinrouge.com/,2026-06-14
La Java,disco / club,"105 Rue du Faubourg du Temple, 75010 Paris",10,Paris,0,night club historique,10-20 €,18,pluie,"Club historique de Belleville, programmation électronique/queer/alternative.",ouvert,selon programmation,billetterie / programmation,,,1,1,1,1,0,0,0,0,0,0,0,0,1,0,1,0,0,0,,0,0,1,bonne,Resident Advisor clubs Paris / fiche business,,https://ra.co/guides/clubs-in-paris,2026-06-14
T7 Paris,disco / club,"Pl. des Insurgés de Varsovie, 75015 Paris",15,Paris,0,club / grande salle,20-35 €,28,nuageux,"Grand club en hauteur Porte de Versailles, programmation DJ/électronique.",ouvert,selon programmation,billetterie / programmation,,,1,0,1,1,0,0,0,0,0,0,0,0,1,0,1,0,0,0,,0,1,0,bonne,fiche business / programmation officielle,,https://www.t7paris.com/,2026-06-14
Virage Paris,disco / open air club,"26 Rue Hélène et François Missoffe, 75017 Paris",17,Paris,0,club / open air,10-30 €,22,nuageux,"Club/open-air aux portes de Paris, plutôt saison et programmation électronique.",ouvert,saisonnier / selon programmation,billetterie / programmation,,,1,1,1,1,0,0,0,0,0,0,0,0,1,0,1,0,1,0,,0,1,0,bonne,Resident Advisor clubs Paris / fiche business,A afficher surtout en saison.,https://ra.co/guides/clubs-in-paris,2026-06-14
Cabaret Sauvage,disco / live venue,"59 Bd Macdonald, 75019 Paris",19,Paris,0,club / live venue / chapiteau,15-35 €,28,nuageux,"Lieu reconnu de la Villette, concerts et soirées club.",ouvert,selon programmation,billetterie / programmation,,,1,0,1,1,0,0,0,0,0,0,0,0,1,0,1,0,0,0,,0,1,0,bonne,fiche business / lieu reconnu,,https://www.cabaretsauvage.com/,2026-06-14
La Gare - Le Gore,disco / live + club,"1 Av. Corentin Cariou, 75019 Paris",19,Paris,0,live bar / disco club,10-20 €,18,pluie,"Jazz/live en haut, club en sous-sol; vrai lieu nocturne culturel.",ouvert,selon programmation,public / programmation,,,1,1,1,1,0,0,0,0,0,0,0,0,1,0,1,0,0,0,,0,0,1,bonne,fiche business / scène indépendante,,https://www.lagare-le-gore.com/,2026-06-14
Petit Bain,peniche / club,"7 Port de la Gare, 75013 Paris",13,Paris,0,peniche / concert hall / club / restaurant,10-30 €,22,nuageux,"Péniche culturelle sur la Seine: concerts, bar, club et terrasse.",ouvert,toute l'annee / selon programmation,public / billetterie selon event,,,1,1,1,1,0,0,0,0,1,0,0,1,1,1,1,0,0,0,,0,1,0,bonne,fiche business / lieu culturel reconnu,,https://petitbain.org/,2026-06-14
Glazart,disco / club,"7 Av. de la Porte de la Villette, 75019 Paris",19,Paris,0,club / live venue,15-30 €,22,nuageux,"Club/lieu live reconnu côté Villette, programmation alternative.",ouvert,selon programmation,billetterie / programmation,,,1,1,1,1,0,0,0,0,0,0,0,0,1,0,1,0,0,0,,0,1,0,bonne,Resident Advisor clubs Paris / fiche business,,https://ra.co/guides/clubs-in-paris,2026-06-14
Nouveau Casino,disco / club,"109 Rue Oberkampf, 75011 Paris",11,Paris,0,live venue / club,10-25 €,20,pluie,Salle Oberkampf reconnue pour concerts et nuits club.,ouvert,selon programmation,billetterie / programmation,,,1,1,1,1,0,0,0,0,0,0,0,0,1,0,1,0,0,0,,0,0,1,bonne,fiche business / lieu historique,,https://nouveaucasino.net/,2026-06-14
Kilometre25,disco / open air,"8 Bd Macdonald, 75019 Paris",19,Paris,0,open air club,20-30 €,25,nuageux,"Open-air électronique sous le périphérique, très saisonnier.",ouvert,saisonnier / selon programmation,billetterie / programmation,,,1,1,1,1,0,0,0,0,0,0,0,0,1,0,1,0,1,0,,0,1,0,bonne,Resident Advisor clubs Paris / fiche business,Ne pas afficher hors saison sans re-check.,https://ra.co/guides/clubs-in-paris,2026-06-14
Panic Room,bar club,"101 Rue Amelot, 75011 Paris",11,Paris,0,bar / club,10-20 €,18,pluie,Bar-club avec sous-sol dansant; plus casual que gros club.,ouvert,toute l'annee / selon programmation,public,,,1,1,1,1,0,0,0,0,0,0,0,1,1,0,1,0,0,0,,0,0,1,bonne,fiche business,,https://www.panicroomparis.com/,2026-06-14
Silencio,club / restaurant,"142 Rue Montmartre, 75002 Paris",02,Paris,0,club prive / restaurant / bar,50 €+,60,grand soleil,"Club sélectif et culturel, utile pro/incognito mais à réserver selon event.",ouvert,selon programmation,sur resa / membres / events,,,1,0,1,0,1,0,0,0,0,0,1,0,1,0,1,0,0,0,,1,0,0,bonne,lieu reconnu / fiche business,Sélectif; garder seulement avec mention accès.,https://silencio-club.com/,2026-06-14
Rosa Bonheur sur Seine,peniche / bar sur l'eau,"2 Port des Invalides, 75007 Paris",07,Paris,0,bar / peniche / tapas,10-30 €,25,nuageux,"Péniche conviviale près du Pont Alexandre III, apéro + danse selon soirs.",ouvert,toute l'annee,public,,,1,1,1,1,0,0,0,0,0,0,0,1,0,1,1,0,1,0,,0,1,0,bonne,TimeOut / Sortir a Paris / fiche business,,https://www.rosabonheur.fr/rosa-bonheur-sur-seine/,2026-06-14
Fluctuart,peniche / art urbain,"2 Port du Gros Caillou, 75007 Paris",07,Paris,0,centre d'art flottant / bar / rooftop,10-25 €,18,pluie,"Lieu flottant gratuit dédié au street art, bar et terrasse sur Seine.",ouvert,toute l'annee,public,,,1,1,1,1,1,0,1,0,0,0,0,1,0,1,0,0,0,0,,0,0,1,bonne,Sortir a Paris floating terraces / site officiel / fiche business,,https://fluctuart.fr/,2026-06-14
Le Mazette,peniche / bar-club,"69 Port de la Rapée, 75012 Paris",12,Paris,0,bar / club / restaurant sur peniche,10-30 €,25,nuageux,"Barge hybride bar, resto, open-air et club; très bon pour potos.",ouvert,toute l'annee / selon programmation,public / billetterie selon event,,,1,1,1,1,0,0,0,0,1,0,0,1,1,1,1,0,0,0,,0,1,0,bonne,Paris je t'aime / Sortir a Paris / fiche business,,https://parisjetaime.com/eng/culture/le-mazette-p4690,2026-06-14
La Dame de Canton,peniche / live,"5 Port de la Gare, 75013 Paris",13,Paris,0,restaurant / bar / live venue sur bateau,20-30 €,25,nuageux,"Jonque chinoise amarrée, bar-resto et concerts, très identifiable.",ouvert,toute l'annee / selon programmation,public / billetterie selon event,,,1,1,1,1,0,0,0,0,1,0,0,1,0,1,1,0,0,0,,0,1,0,bonne,fiche business / lieu culturel,,https://www.damedecanton.com/,2026-06-14
Le Flow,peniche / bar-club,"4 Port des Invalides, 75007 Paris",07,Paris,0,bar / club / peniche,10-60 €,35,nuageux,Péniche festive près des Invalides; utile eau + nocturne.,ouvert,toute l'annee,public,,,1,0,1,1,0,0,0,0,0,0,0,1,1,1,1,0,0,0,,0,1,0,moyenne - avis mixtes mais lieu connu,fiche business,A garder avec prudence: avis plus mixtes que les autres.,https://flow-paris.com/,2026-06-14
Peniche Antipode,peniche / canal,"55 Quai de la Seine, 75019 Paris",19,Paris,0,peniche / bar / theatre / restaurant,10-25 €,18,pluie,"Péniche du canal de l'Ourcq, plus tranquille/culturelle que club.",ouvert,toute l'annee,public,,,1,1,1,1,0,0,1,0,1,0,0,1,0,1,0,0,0,0,,0,0,1,bonne,fiche business / lieu culturel,,https://www.penicheantipode.fr/,2026-06-14
Le Marcounet,peniche / bar jazz,"14 Quai de l'Hôtel de Ville, 75004 Paris",04,Paris,0,peniche / bar / jazz,10-30 €,22,nuageux,"Péniche centrale avec jazz et terrasse, bon duo/apéro.",ouvert,toute l'annee,public,,,1,1,1,1,0,0,0,0,0,0,0,1,0,1,1,0,0,0,,0,1,0,bonne,guides peniches / site officiel,,https://www.peniche-marcounet.fr/,2026-06-14
Bateau Phare,peniche / bar-club,"3 Port de la Gare, 75013 Paris",13,Paris,0,peniche / bar / club,10-30 €,22,nuageux,"Péniche historique côté Bibliothèque, programmation festive.",ouvert,selon programmation,public / billetterie selon event,,,1,0,1,1,0,0,0,0,0,0,0,1,1,1,1,0,0,0,,0,1,0,bonne,guides peniches / site officiel,,https://www.bateauphare.com/,2026-06-14
La Javelle,guinguette / plein air,"5 Bd Poniatowski, 75012 Paris",12,Paris,0,guinguette / bar / food / concerts,10-25 €,18,pluie,"Guinguette estivale avec food, DJ sets et grande terrasse.",ouvert / a verifier saison,saisonnier,public / selon events,,,1,1,1,1,0,0,0,1,0,0,0,1,0,0,0,0,1,1,multi-cuisine selon stands,0,0,1,bonne,Sortir a Paris guinguettes / fiche business,Re-check avant affichage car le site Bercy Beaucoup ressort fermé dans certaines fiches.,https://www.sortiraparis.com/en/where-to-eat-in-paris/bars-cafes/guides/329014-guinguettes-in-paris-and-ile-de-france-in-2026-our-top-picks-for-a-pre-dinner-drink,2026-06-14
Rosa Bonheur Buttes Chaumont,guinguette / parc,"2 Av. de la Cascade, 75019 Paris",19,Paris,0,bar / guinguette / tapas,10-20 €,18,pluie,"Guinguette emblématique dans les Buttes-Chaumont, apéro/potos.",ouvert,toute l'annee,public,,,1,1,1,1,0,0,1,0,0,0,0,1,0,0,0,0,1,0,,0,0,1,bonne,TimeOut guinguettes / fiche business,,https://www.rosabonheur.fr/rosa-bonheur-buttes-chaumont/,2026-06-14
Pavillon Puebla,guinguette / parc,"Av. Darcel, 75019 Paris",19,Paris,0,bar / cocktail / terrasse,10-30 €,22,nuageux,"Grande terrasse dans le parc des Buttes-Chaumont, apéro/potos.",ouvert,principalement belle saison,public / events,,,1,1,1,1,0,0,0,0,0,0,0,1,0,0,0,0,1,0,,0,1,0,bonne,Sortir a Paris guinguettes / fiche business,,https://www.pavillonpuebla.fr/,2026-06-14
La REcyclerie,tiers-lieu / terrasse,"83 Bd Ornano, 75018 Paris",18,Paris,0,bar / restaurant / tiers-lieu,10-20 €,18,pluie,"Tiers-lieu éco-responsable avec terrasse et ferme urbaine, bon solo/potos.",ouvert,toute l'annee,public,,,1,1,1,1,0,0,1,0,1,0,0,1,0,0,0,0,1,0,,0,0,1,bonne,guides terrasses / fiche business,,https://www.larecyclerie.com/,2026-06-14
Ground Control,food court / terrasse,"81 Rue du Charolais, 75012 Paris",12,Paris,0,bar / food court / centre culturel,10-20 €,18,pluie,"Grand lieu hybride food, bar, events; très bien potos et solo safe.",ouvert,toute l'annee,public,,,1,1,1,1,1,0,0,1,0,0,0,1,0,0,0,0,1,1,multi-cuisine,0,0,1,bonne,fiche business / lieu culturel reconnu,,https://www.groundcontrolparis.com/,2026-06-14
Jardin21,guinguette / jardin,"12a Rue Ella Fitzgerald, 75019 Paris",19,Paris,0,bar / jardin / restaurant,10-20 €,18,pluie,"Jardin-guinguette près de La Villette, terrasse, events et DJ sets.",ouvert,principalement belle saison,public / events,,,1,1,1,1,0,0,1,0,0,0,0,1,0,0,0,0,1,0,,0,0,1,bonne,Sortir a Paris guinguettes / fiche business,,https://www.jardin21.fr/,2026-06-14
Le Pavillon des Canaux,canal / maison-bar,"39 Quai de la Loire, 75019 Paris",19,Paris,0,bar / brunch / brasserie au bord du canal,10-20 €,18,pluie,"Maison-bar colorée au bord du canal, bon duo/tranquillo.",ouvert,toute l'annee,public,,,1,1,1,1,0,0,1,0,1,0,0,1,0,1,0,1,0,0,,0,0,1,bonne,fiche business / lieu reconnu,Terrasse/hiver à revalider selon météo.,https://www.pavillondescanaux.com/,2026-06-14
La Cite Fertile,guinguette / tiers-lieu,"14 Av. Edouard Vaillant, 93500 Pantin",,Pantin,1,tiers-lieu / bar / jardin,10-20 €,18,pluie,"Grand tiers-lieu à Pantin, ambiance guinguette/extérieur, petite couronne.",ouvert,selon programmation,public / events,,,1,1,1,1,0,0,1,0,0,0,0,1,0,0,0,0,1,0,,0,0,1,bonne,Sortir a Paris guinguettes / fiche business,,https://citefertile.com/,2026-06-14
La Prairie du Canal,guinguette / ferme urbaine,"55 Rue de Paris, 93000 Bobigny",,Bobigny,1,ferme urbaine / bar / events,10-20 €,18,pluie,"Guinguette/ferme urbaine de petite couronne, très saison et week-end.",ouvert,saisonnier / week-end,public / events,,,1,1,1,1,0,0,1,0,0,0,0,1,0,0,0,0,1,0,,0,0,1,bonne,Sortir a Paris guinguettes / fiche business,,https://www.prairieducanal.fr/,2026-06-14
La Guinguette de Neuilly,guinguette / bord de Seine,"Ile de la Jatte, 12 Bd Georges Seurat, 92200 Neuilly-sur-Seine",,Neuilly-sur-Seine,1,restaurant / guinguette / bord de Seine,25-45 €,35,nuageux,"Adresse de l'île de la Jatte, plus resto bord de Seine que fête populaire.",ouvert,toute l'annee,public,,,1,0,1,1,1,0,0,0,1,0,0,1,0,1,0,0,1,0,,0,1,0,bonne,Sortir a Paris guinguettes / fiche business,,https://www.laguinguettedeneuilly.fr/,2026-06-14
Urfa Durum,street-food / solo,"58 Rue du Faubourg Saint-Denis, 75010 Paris",10,Paris,0,kebab / durum / turc-kurde,10-20 €,15,pluie,"Durüm culte, rapide, parfait solo ou petit budget.",ouvert,toute l'annee,public,,,1,1,1,1,0,0,1,1,0,0,0,0,0,0,0,0,0,1,turc / kurde / durum,0,0,1,bonne,TimeOut cheap eats / Eater / fiche business,,https://www.timeout.com/paris/en/feature/food/pariss-best-cheap-eats,2026-06-14
L'As du Fallafel,street-food / solo,"34 Rue des Rosiers, 75004 Paris",04,Paris,0,falafel / street-food,10-20 €,15,pluie,"Falafel iconique du Marais, rapide, budget pluie.",ouvert,toute l'annee,public,,,1,1,1,1,0,0,1,1,0,0,0,0,0,0,0,0,0,1,levantin / falafel,0,0,1,bonne,guides cheap eats / fiche business,,https://www.timeout.com/paris/en/feature/food/pariss-best-cheap-eats,2026-06-14
Chez Alain Miam Miam,street-food / sandwich,"26 Rue Charlot, 75003 Paris",03,Paris,0,sandwich / crepes,10-20 €,15,pluie,"Sandwich généreux du Marché des Enfants Rouges, très solo.",ouvert,toute l'annee,public,,,1,1,1,0,0,0,1,1,0,0,0,0,0,0,0,0,0,1,francais / sandwich,0,0,1,bonne,guides cheap eats / fiche business,,https://www.timeout.com/paris/en/feature/food/pariss-best-cheap-eats,2026-06-14
Miznon,street-food / pita,"22 Rue des Ecouffes, 75004 Paris",04,Paris,0,pita / mediterraneen,10-20 €,15,pluie,"Pitas méditerranéennes, simple, efficace, bon solo/potos.",ouvert,toute l'annee,public,,,1,1,1,1,0,0,1,1,0,0,0,0,0,0,0,0,0,1,mediterraneen / israelien,0,0,1,bonne,guides food / fiche business,,https://www.eater.com/maps/best-restaurants-paris-france,2026-06-14
El Nopal,street-food / tacos,"3 Rue Eugene Varlin, 75010 Paris",10,Paris,0,tacos / mexicain,10-20 €,15,pluie,"Tacos mexicains directs et abordables, parfait rotation allocco.",ouvert,toute l'annee,public,,,1,1,1,1,0,0,1,1,0,0,0,0,0,0,0,0,0,1,mexicain / tacos,0,0,1,bonne,guides street-food / fiche business,,https://www.timeout.com/paris/en/feature/food/pariss-best-cheap-eats,2026-06-14
Taco Mesa,street-food / tacos,"40 Rue du Faubourg Poissonniere, 75010 Paris",10,Paris,0,tacos / mexicain,20-30 €,25,nuageux,"Tacos bien notés, plus confort que pur comptoir.",ouvert,toute l'annee,public,,,1,1,1,1,0,0,0,1,0,0,0,0,0,0,0,0,0,1,mexicain / tacos,0,1,0,bonne,fiche business,,https://www.tacomesa.fr/,2026-06-14
Petit Bao,street-food / bao,"10 Rue Breguet, 75011 Paris",11,Paris,0,bao / dim sum / chinois,15-30 €,22,nuageux,"Bao et dim sum, pratique solo ou potos.",ouvert,toute l'annee,public,,,1,1,1,1,0,0,0,1,1,0,0,0,0,0,0,0,0,1,chinois / bao,0,1,0,bonne,Sortir a Paris street-food asiatique / fiche business,,https://www.baofamily.co/,2026-06-14
Gros Bao,street-food / bao,"72 Quai de Jemmapes, 75010 Paris",10,Paris,0,restaurant chinois / bao / noodles,20-30 €,25,nuageux,"Grand spot chinois canal Saint-Martin, plus potos que comptoir.",ouvert,toute l'annee,public,,,1,1,1,1,0,0,0,1,1,0,0,0,0,0,0,0,0,1,chinois / bao,0,1,0,bonne,Sortir a Paris street-food asiatique / fiche business,,https://www.baofamily.co/,2026-06-14
Kodawari Ramen,solo counter / ramen,"29 Rue Mazarine, 75006 Paris",06,Paris,0,ramen / japonais,10-20 €,18,pluie,"Ramen immersif, facile seul au comptoir, gros potentiel app solo.",ouvert,toute l'annee,public,,,1,1,1,0,0,0,1,1,1,0,0,0,0,0,0,0,0,1,japonais / ramen,0,0,1,bonne,fiche business / guides ramen,,https://www.kodawari-ramen.com/,2026-06-14
Udon Jubey,solo counter / udon,"39 Rue Sainte-Anne, 75001 Paris",01,Paris,0,udon / japonais,10-20 €,18,pluie,"Udon rue Sainte-Anne, très compatible manger seul.",ouvert,toute l'annee,public,,,1,1,1,0,0,0,1,1,1,0,0,0,0,0,0,0,0,1,japonais / udon,0,0,1,bonne,fiche business,,https://www.timeout.com/paris/en/feature/food/pariss-best-cheap-eats,2026-06-14
Kintaro,solo counter / japonais,"24 Rue Saint-Augustin, 75002 Paris",02,Paris,0,japonais populaire,10-20 €,18,pluie,"Adresse japonaise populaire, rapide, idéale solo.",ouvert,toute l'annee,public,,,1,1,1,1,0,0,1,1,1,0,0,0,0,0,0,0,0,1,japonais,0,0,1,bonne,fiche business,,https://www.timeout.com/paris/en/feature/food/pariss-best-cheap-eats,2026-06-14
Neko Ramen,solo counter / ramen,"6 Rue de la Grange Bateliere, 75009 Paris",09,Paris,0,ramen,10-20 €,18,pluie,"Ramen accessible, très bon usage solo/duo.",ouvert,toute l'annee,public,,,1,1,1,1,0,0,1,1,1,0,0,0,0,0,0,0,0,1,japonais / ramen,0,0,1,bonne,fiche business,,https://www.timeout.com/paris/en/feature/food/pariss-best-cheap-eats,2026-06-14
Hakata Choten,solo counter / ramen,"53 Rue des Petits Champs, 75001 Paris",01,Paris,0,ramen,10-20 €,18,pluie,"Ramen central, petit budget, comptoir compatible.",ouvert,toute l'annee,public,,,1,1,1,0,0,0,1,1,1,0,0,0,0,0,0,0,0,1,japonais / ramen,0,0,1,bonne,fiche business,,https://www.timeout.com/paris/en/feature/food/pariss-best-cheap-eats,2026-06-14
TranTranZai,street-food / nouilles,"94 Rue St Denis, 75001 Paris",01,Paris,0,nouilles chinoises,10-20 €,18,pluie,"Nouilles sichuanaises, rapide, ouvert tard ven/sam.",ouvert,toute l'annee,public,,,1,1,1,1,0,0,1,1,1,0,0,0,0,0,1,0,0,1,chinois / nouilles,0,0,1,bonne,fiche business,,https://www.timeout.com/paris/en/feature/food/pariss-best-cheap-eats,2026-06-14
Pho Banh Cuon 14,street-food / vietnamien,"129 Av. de Choisy, 75013 Paris",13,Paris,0,pho / vietnamien,10-20 €,18,pluie,"Pho populaire du 13e, efficace solo et petit budget.",ouvert,toute l'annee,public,,,1,1,1,1,0,0,1,1,1,0,0,0,0,0,0,0,0,1,vietnamien / pho,0,0,1,bonne,fiche business / guides 13e,,https://www.timeout.com/paris/en/feature/food/pariss-best-cheap-eats,2026-06-14
Best Tofu,cheap eat / chinois,"9 Bd de la Villette, 75010 Paris",10,Paris,0,chinois / tofu / petit budget,1-10 €,10,pluie,"Adresse très abordable, budget pluie fort.",ouvert,toute l'annee,public,,,1,1,1,0,0,0,1,1,1,0,0,0,0,0,0,0,0,1,chinois,0,0,1,bonne,TimeOut cheap eats / fiche business,,https://www.timeout.com/paris/en/feature/food/pariss-best-cheap-eats,2026-06-14
Dumbo,street-food / burger,"64 Rue Jean-Baptiste Pigalle, 75009 Paris",09,Paris,0,burger / smash burger,10-20 €,18,pluie,"Smash burger populaire, rapide, bon solo/potos.",ouvert,toute l'annee,public,,,1,1,1,1,0,0,1,1,0,0,0,0,0,0,0,0,0,1,americain / burger,0,0,1,bonne,guides cheap eats / fiche business,,https://www.timeout.com/paris/en/feature/food/pariss-best-cheap-eats,2026-06-14
Bouillon Chartier Grands Boulevards,bouillon / pas cher,"7 Rue du Faubourg Montmartre, 75009 Paris",09,Paris,0,bouillon / brasserie francaise,10-20 €,18,pluie,"Classique budget pluie, service rapide, gros volume.",ouvert,toute l'annee,public,,,1,1,1,1,0,0,1,0,1,0,0,0,0,0,1,0,0,0,,0,0,1,bonne,guides cheap eats / fiche business,,https://www.bouillon-chartier.com/,2026-06-14
Bouillon Republique,bouillon / pas cher,"39 Bd du Temple, 75003 Paris",03,Paris,0,bouillon / brasserie francaise,20-30 €,22,nuageux,"Bouillon moderne, très bon rapport quantité/prix.",ouvert,toute l'annee,public,,,1,1,1,1,0,0,1,0,1,0,0,0,0,0,1,0,0,0,,0,1,0,bonne,guides cheap eats / fiche business,,https://bouillonlesite.com/bouillon-republique/,2026-06-14
Bouillon Pigalle,bouillon / pas cher,"22 Bd de Clichy, 75018 Paris",18,Paris,0,bouillon / brasserie francaise,20-30 €,22,nuageux,"Grand bouillon à Pigalle, pratique tard et budget maîtrisé.",ouvert,toute l'annee,public,,,1,1,1,1,0,0,1,0,1,0,0,0,0,0,1,1,0,0,,0,1,0,bonne,guides cheap eats / fiche business,,https://bouillonlesite.com/bouillon-pigalle/,2026-06-14
Bistrot Victoires,bistrot / bon rapport prix,"6 Rue de la Vrilliere, 75001 Paris",01,Paris,0,bistrot / brasserie,20-30 €,25,nuageux,"Bistrot central bon rapport qualité/prix, simple et fiable.",ouvert,toute l'annee,public,,,1,1,1,1,0,0,1,0,1,0,0,0,0,0,0,0,0,0,,0,1,0,bonne,fiche business / guides budget,,https://www.timeout.com/paris/en/feature/food/pariss-best-cheap-eats,2026-06-14
La Felicita,food court / italien,"5 Parv. Alan Turing, 75013 Paris",13,Paris,0,food hall italien / bar,10-20 €,18,pluie,"Grand food hall Big Mamma, bon potos/allocco, safe et simple.",ouvert,toute l'annee,public,,,1,1,1,1,0,0,0,1,1,0,0,1,0,0,0,0,0,1,italien / food hall,0,0,1,bonne,fiche business / lieu reconnu,,https://www.bigmammagroup.com/fr/trattorias/la-felicita,2026-06-14
Septime,gastro / date,"80 Rue de Charonne, 75011 Paris",11,Paris,0,fine dining / bistro gastronomique,100 €+,120,grand soleil,"Grande table contemporaine, recommandée pour duo ou pro sérieux.",ouvert,selon ouverture hebdo,reservation indispensable,,,1,0,1,0,1,0,0,0,1,1,0,0,0,0,0,0,0,0,,1,0,0,bonne,Michelin / Eater / TimeOut restaurants / fiche business,,https://guide.michelin.com/en/fr/ile-de-france/paris/restaurants,2026-06-14
Clamato,resto / date,"80 Rue de Charonne, 75011 Paris",11,Paris,0,seafood restaurant / bar,40-90 €,60,grand soleil,"Seafood bar du groupe Septime, date cool mais budget élevé.",ouvert,toute l'annee,reservation conseillee,,,1,1,1,1,0,0,0,0,1,1,0,1,0,0,0,0,0,0,,1,0,0,bonne,Eater / fiche business,,https://www.eater.com/maps/best-restaurants-paris-france,2026-06-14
Frenchie Bar a Vins,wine bar / date,"6 Rue du Nil, 75002 Paris",02,Paris,0,bar a vins / small plates,30-80 €,55,grand soleil,"Bar à vins reconnu rue du Nil, excellent pour duo et apéro dînatoire.",ouvert,toute l'annee,reservation conseillee,,,1,1,1,1,1,0,0,0,1,1,0,1,0,0,0,0,0,0,,1,0,0,bonne,Eater / fiche business,,https://www.eater.com/maps/best-restaurants-paris-france,2026-06-14
Le Mary Celeste,bar / date,"1 Rue Commines, 75003 Paris",03,Paris,0,restaurant / bar a cocktails / wine bar,20-70 €,45,nuageux,"Oysters, cocktails, vins; très bon premier date sans être trop formel.",ouvert,toute l'annee,public,,,1,1,1,1,0,0,0,0,1,0,0,1,0,0,1,0,0,0,,0,1,0,bonne,50 Best Discovery / fiche business,,https://www.theworlds50best.com/discovery,2026-06-14
Bambino,resto / bar musical,"25 Rue Saint-Sebastien, 75011 Paris",11,Paris,0,restaurant / bar vinyle,20-70 €,45,nuageux,"Resto-bar musical, ambiance date/potos avec son et vinyles.",ouvert,toute l'annee,public,,,1,0,1,1,0,0,0,0,1,0,0,1,0,0,1,0,0,0,,0,1,0,bonne,guides restaurants / fiche business,,https://www.eater.com/maps/best-restaurants-paris-france,2026-06-14
Early June,wine bar / date,"19 Rue Jean Poulmarch, 75010 Paris",10,Paris,0,restaurant / wine bar,30-80 €,55,grand soleil,"Adresse canal Saint-Martin, vins nature et chefs invités, date food.",ouvert,toute l'annee,public,,,1,1,1,1,0,0,0,0,1,1,0,1,0,0,0,0,0,0,,1,0,0,bonne,Eater / fiche business,,https://www.eater.com/maps/best-restaurants-paris-france,2026-06-14
Folderol,wine bar / ice cream,"10 Rue du Grand Prieure, 75011 Paris",11,Paris,0,wine bar / ice cream shop,10-20 €,18,pluie,"Glace + vins nature, très bon solo/duo, original sans être lourd.",ouvert,toute l'annee,public,,,1,1,1,0,0,0,1,0,0,0,0,1,0,0,0,0,0,0,,0,0,1,bonne,guides restaurants / fiche business,,https://www.eater.com/maps/best-restaurants-paris-france,2026-06-14
Le Fumoir,brasserie / date / terrasse,"6 Rue de l'Amiral de Coligny, 75001 Paris",01,Paris,0,restaurant / bar / cafe,20-60 €,40,nuageux,"Classique près du Louvre, bon pro/date, terrasse souvent utile.",ouvert,toute l'annee,public,,,1,1,1,1,1,0,0,0,1,0,0,1,0,0,1,1,0,0,,0,1,0,bonne,TimeOut terrasses chauffees / fiche business,,https://www.lefumoir.com/,2026-06-14
La Palette,cafe / terrasse classique,"43 Rue de Seine, 75006 Paris",06,Paris,0,cafe / brasserie,10-40 €,25,nuageux,"Terrasse classique de Saint-Germain, bon duo/verre.",ouvert,toute l'annee,public,,,1,1,1,1,1,0,0,0,1,0,0,1,0,0,1,1,0,0,,0,1,0,bonne,fiche business / adresse classique,,https://lapalette-paris.com/,2026-06-14
Cafe de Flore,cafe / terrasse classique,"172 Bd Saint-Germain, 75006 Paris",06,Paris,0,cafe / brasserie,10-30 €,25,nuageux,"Institution de Saint-Germain, terrasse connue, bon pro/touristique.",ouvert,toute l'annee,public,,,1,1,1,1,1,0,0,0,1,0,0,1,0,0,1,1,0,0,,0,1,0,bonne,TimeOut terrasses chauffees / fiche business,,https://cafedeflore.fr/,2026-06-14
Les Deux Magots,cafe / terrasse classique,"6 Pl. Saint-Germain des Pres, 75006 Paris",06,Paris,0,cafe / restaurant,10-60 €,40,nuageux,"Institution parisienne, terrasse et rendez-vous pro/duo.",ouvert,toute l'annee,public,,,1,1,1,1,1,0,0,0,1,0,0,1,0,0,1,1,0,0,,0,1,0,bonne,fiche business / adresse classique,,https://lesdeuxmagots.fr/,2026-06-14
Au Pied de Cochon,nocturne / brasserie,"6 Rue Coquilliere, 75001 Paris",01,Paris,0,brasserie francaise / fruits de mer,30-70 €,50,nuageux,"Brasserie historique des Halles ouverte très tard, sécurisante pour nocturne.",ouvert,toute l'annee,public,,,1,1,1,1,1,0,0,0,1,0,0,0,0,0,1,0,0,0,,0,1,0,bonne,fiche business,,https://www.pieddecochon.com/,2026-06-14
Le Tambour,nocturne / brasserie,"41 Rue Montmartre, 75002 Paris",02,Paris,0,restaurant / bar,20-40 €,30,nuageux,"Brasserie tardive, utile après cinéma/concert quand tout ferme.",ouvert,toute l'annee,public,,,1,1,1,1,0,0,0,0,1,0,0,1,0,0,1,1,0,0,,0,1,0,bonne,TimeOut terrasses chauffees / fiche business,,https://www.timeout.com/paris/en/bars-and-pubs/the-best-heated-terraces-in-paris,2026-06-14
L'Alsace,nocturne / brasserie,"39 Av. des Champs-Elysees, 75008 Paris",08,Paris,0,brasserie alsacienne,20-80 €,45,nuageux,"Brasserie Champs-Elysées ouverte tard, utile en sortie pro/touristes.",ouvert,toute l'annee,public,,,1,1,1,1,1,0,0,0,1,0,0,0,0,0,1,0,0,0,,0,1,0,bonne,fiche business,,https://www.alsace-paris.com/,2026-06-14
Le Cinq,gastro palace,"31 Av. George V, 75008 Paris",08,Paris,0,restaurant gastronomique palace,100 €+,250,grand soleil,"Grande table palace, niveau client pro/très grand soleil.",ouvert,toute l'annee,reservation indispensable,,,1,0,1,0,1,0,0,0,1,1,0,0,0,0,0,0,0,0,,1,0,0,bonne,Michelin Paris / fiche business,,https://guide.michelin.com/en/fr/ile-de-france/paris/restaurants,2026-06-14
Epicure,gastro palace,"112 Rue du Faubourg Saint-Honore, 75008 Paris",08,Paris,0,haute cuisine francaise,100 €+,250,grand soleil,"Grande table du Bristol, gastro très premium.",ouvert,toute l'annee,reservation indispensable,,,1,0,1,0,1,0,0,0,1,1,0,0,0,0,0,0,0,0,,1,0,0,bonne,Michelin Paris / fiche business,,https://guide.michelin.com/en/fr/ile-de-france/paris/restaurants,2026-06-14
Guy Savoy,gastro,"11 Quai de Conti, 75006 Paris",06,Paris,0,restaurant gastronomique,100 €+,250,grand soleil,Grande table historique à la Monnaie de Paris.,ouvert,toute l'annee,reservation indispensable,,,1,0,1,0,1,0,0,0,1,1,0,0,0,0,0,0,0,0,,1,0,0,bonne,Michelin Paris / fiche business,,https://guide.michelin.com/en/fr/ile-de-france/paris/restaurants,2026-06-14
Arpege,gastro,"84 Rue de Varenne, 75007 Paris",07,Paris,0,haute cuisine francaise,100 €+,250,grand soleil,"Table d'Alain Passard, légume et haute gastronomie.",ouvert,toute l'annee,reservation indispensable,,,1,0,1,0,1,0,0,0,1,1,0,0,0,0,0,0,0,0,,1,0,0,bonne,Michelin Paris / fiche business,,https://guide.michelin.com/en/fr/ile-de-france/paris/restaurants,2026-06-14
Le Clarence,gastro,"31 Av. Franklin Delano Roosevelt, 75008 Paris",08,Paris,0,haute cuisine francaise,100 €+,220,grand soleil,"Grande table raffinée, très pro/occasion spéciale.",ouvert,toute l'annee,reservation indispensable,,,1,0,1,0,1,0,0,0,1,1,0,0,0,0,0,0,0,0,,1,0,0,bonne,Michelin Paris / fiche business,,https://guide.michelin.com/en/fr/ile-de-france/paris/restaurants,2026-06-14
Plenitude,gastro palace,"8 Quai du Louvre, 75001 Paris",01,Paris,0,haute cuisine francaise,100 €+,300,grand soleil,"Adresse très haut de gamme du Cheval Blanc, ultra premium.",ouvert,toute l'annee,reservation indispensable,,,1,0,1,0,1,0,0,0,1,1,0,0,0,0,0,0,0,0,,1,0,0,bonne,Michelin Paris / fiche business,,https://guide.michelin.com/en/fr/ile-de-france/paris/restaurants,2026-06-14
L'Oiseau Blanc,gastro rooftop,"19 Av. Kleber, 75116 Paris",,Paris,0,restaurant gastronomique / rooftop,100 €+,220,grand soleil,"Gastro en hauteur au Peninsula, vue Tour Eiffel.",ouvert,toute l'annee,reservation indispensable,,,1,0,1,0,1,1,0,0,1,1,0,0,0,0,0,0,0,0,,1,0,0,bonne,Michelin Paris / The Rooftop Guide / fiche business,,https://guide.michelin.com/en/fr/ile-de-france/paris/restaurants,2026-06-14
Datil,gastro contemporain,"13 Rue des Gravilliers, 75003 Paris",03,Paris,0,fine dining contemporain,100 €+,130,grand soleil,"Table contemporaine de Manon Fleury, gastro durable.",ouvert,toute l'annee,reservation indispensable,,,1,0,1,0,1,0,0,0,1,1,0,0,0,0,0,0,0,0,,1,0,0,bonne,Michelin Paris / fiche business,,https://guide.michelin.com/en/fr/ile-de-france/paris/restaurants,2026-06-14
