"WkIe8 src","fontHeadlineSmall","MW4etd","UY7F9","IIrLbb","IIrLbb 2","ZiUbcb","bYkqId","wNNZR","IM91Ib"
"https://lh3.googleusercontent.com/gps-cs-s/APNQkAGmZ6yRbGmmQeltKUP8oNrGry5WRl9aQcvow_BlLZsEipe9VH_hdPGeem_QuJQfZ4XfiD0eaGiKxPYqN_JCUfnzFDkgnl1JF2NCLb4JNISzR4QDMvSPfcchd_JVh0e-5e1JEQtErg=w85-h92-k-no","Le Téléphone Rose","2,9","(256)","€€€","Discothèque","·","","Note","Ajouter une note"
"https://lh3.googleusercontent.com/gps-cs-s/APNQkAGREn5Fy-QGllxpT-qVv6s6BgTFniw5XoZxbGc6jYR0bMFAEF3u1YJnD6EL5wDs_ZJE8-X7C6cXi7hyeD7q8zyJrefT3KWSnS7BAWLLcFa2e5G6u0Is0e__sTUwDw0xuNLC2omo=w163-h92-k-no","Le Robinet d'Or Restaurant & Bar Canal Saint Martin","4,7","(747)","20–30 €","Française","·","","",""
"https://lh3.googleusercontent.com/gps-cs-s/APNQkAHBLLjbWpvH6SRIHGX40C6nDARtXjtxSkMcSTII5ZaP3Hc6gkE9gWhCMBknf6kVknb53HsZwLkMbG4DMrAg6OlwpANXNXKoND5pKI13sfjCJnE0Wolvx6c3_YBmlPPX21tyx3M=w163-h92-k-no","L'Abysse Paris - Yannick Alléno","4,6","(248)","+ de 100 €","Japonaise","·","","Note","Ajouter une note"
"https://lh3.googleusercontent.com/gps-cs-s/APNQkAG_u8-FPyravfwsoGDjKuV6WcnKxjwtcBdLwXFft2IsUdGNeK5QZnznGBwd2gy-bXJa2pARXcz4knKqsOQKzODLi_xXbbcgmuZsduUHkF3nkscnAK2sHsxSlfc2EStY7cSYL3Zz=w122-h92-k-no","The Office","5,0","(9)","Restaurant","","","","",""
"https://streetviewpixels-pa.googleapis.com/v1/thumbnail?panoid=dUvCG_wnnSFZdnU4Qi_xyg&cb_client=search.gws-prod.gps&w=80&h=92&yaw=158.47798&pitch=0&thumbfov=100","215 Rue de Paris","","","93100 Montreuil","","","","",""
"https://lh3.googleusercontent.com/gps-cs-s/APNQkAGZitjrXINpsFN6DnVn0Tr-BybDpUAKpgaaF_wc9ixTYVxrglypur11yk3YG1AfLzCyn0EkAG2RPY4LTQXFDM9dXxyJAS0yGwatAtQAoZMuBwCHbcJtenJydkycwWwwYdX8i8ms=w92-h92-k-no","Chez Michel","4,4","(833)","40–80 €","Française","·","","",""
"https://lh3.googleusercontent.com/gps-cs-s/APNQkAERwNDyGalC_eQBIgzs4-x6c5yic-0LezBND9-0lXaTlTWyHMUn3EAbPWWr1riAW6x8o9F-a-2cK30sak1lawvCRtpbxpLHLRKEtivprsaBFh64r1v9oGmNQSR5sWWvSCwR0CaxyV8NuY8=w122-h92-k-no","Abri Soba","4,7","(1 416)","20–30 €","Restaurant de nouilles au sarrasin (soba)","·","","",""
"https://lh3.googleusercontent.com/gps-cs-s/APNQkAEIku0-KG_3GM_wKFjyd9R5ARbLw1VXZj1nRhQLgONyM542Spyg6AYiX-8IvMZ96NGnFbGtXOHl8nNhxL7-pzt8CYG1D4ajT2bf-lLrKltFC1hqIVKrTL_YvG75KLrMPcUe0SWw=w163-h92-k-no","Bistro Volnay","4,6","(659)","€€","Bistro","·","","",""
"https://lh3.googleusercontent.com/gps-cs-s/APNQkAEp8wTnJAgp9rOHzfpfd0RCTXU-sovNfOEYhZu9FDqc_S6hi9RVMKQ9ZLDNPDFC_CDIgTCYO9JC9_wvgXacvtkaWqN7DSdiTlxUXHg4Gf4pHCCu73jzYv-i3jAxYfCi9Afaje5p=w122-h92-k-no","Happatei","4,3","(2 524)","20–30 €","Japonaise","·","","",""
"https://lh3.googleusercontent.com/gps-cs-s/APNQkAFDyoDHMyOvfLGHxIdTUTsQpHvQ3bHCU4pVxIDPLry4Nh0p9yHWjQxUmqf_EecgEGFDtHmM5JIllB-Kv9FanFthQ0v_TrALcxRXE7eqqADGEkcS0dL2B7-iyYYIfKEuNe5sxY7W=w122-h92-k-no","Aki Café","4,5","(2 300)","10–20 €","Japonaise","·","","",""
"https://lh3.googleusercontent.com/gps-cs-s/APNQkAEqTNJav-eQKJQzpH-rDsio-KuQkfiGmxPJ04g5c9nPNbS5n0OnXJmkQFN-poU32QtCMzHlec42rAcnqL7L95p3Hm15xFy9EA-rQtX8bhAu8CmZ_aKijPxFRiy4a5mSlKdxPtFViA=w123-h92-k-no","La Coquille","4,4","(59)","10–20 €","Bar","·","","Note","Ajouter une note"
"https://lh3.googleusercontent.com/gps-cs-s/APNQkAHijGsYA4LwbPQypF2yCTYtkWUN4xgnyhIvFD1cOg9dn0xIP4F-mkTHKm0fCqf_FL0LLAVZ59SV5A_aVtP0igzfx0bql8kpUDN-CZGhEa0OcCBJNZawa-c43YEaFaEDTeC6cuqRzOyD_JnE=w92-h92-k-no","Kehribar","4,7","(4 860)","10–30 €","Turque","·","","",""
"https://lh3.googleusercontent.com/gps-cs-s/APNQkAHGWI5t_p_UpyHzG7mgWfBF72J0PC2IyQKkkqgjfarPYX9BoTrZ70bR5eyjgrdIbUt8KtwghMatjvkKAsQcKslDDBGAyw7grdjSHyHzlaQ8L5DsdMjXajZXUPw3O5FINUxTMnz9eKwZBacB=w163-h92-k-no","Mian Fan","4,5","(8 089)","10–20 €","Fusion asiatique","·","","",""
"https://lh3.googleusercontent.com/gps-cs-s/APNQkAG9Tur3rkkSom8mwhiyBo4gHyZw_BK_D4OxTlJEL4naZJHIxYfmiQhykcxf9EZtuGxDP3k7aAt7hp2fmYJwL092AXoZMVF8kd2HmCH_-u6xJWPe9Kc_0UM3sTUfzN5MoeUkJBjF=w137-h92-k-no","Naï Naï - Bistrot chic asiatique","4,8","(6 020)","20–30 €","Fondue chinoise","·","","",""
"https://lh3.googleusercontent.com/gps-cs-s/APNQkAFKoJK9WIK4aTD8DvjtiGeySkSHSQ5roBoFNOtbkVBhkJQZ2U6kxwBK1XmzfmtvRjHwo3ii6sJiHTuua7sqbJPpX99enAdQC4hS-81NZuLAaqVf7ATo126ilx7w2VFVZCzut3QL=w122-h92-k-no","Duplex Bar","4,3","(316)","1–30 €","Bar gay","·","","",""
"https://lh3.googleusercontent.com/gps-cs-s/APNQkAFKGHti0pVftTg1jWuuRdpTJYJUmeCnvij9v2CAsIYQIIqSO6TWXzS7F9eNeiiE2dfk41ymlTR0GTWrV8LnfHNSFi6E5Z338UY5-sOuYMN7jNGwjfqRoDQxIJqyuksqnF6rHE_Roy4CSa48=w138-h92-k-no","Vingt Vins d'Art","4,7","(359)","20–30 €","Bistro","·","","",""
"https://lh3.googleusercontent.com/gps-cs-s/APNQkAHkZzdo3vzosaxDb19yAQoG-x_k5KmCJ-8YWTmMcaf9qUG93zTIhNtzZjecI1S3KT98O35NEHLUxdkBkqIcPR9oAJctQPka1Icw6B4xQXidHQ6DncJtQwk_3J0pu1uHAF5mt7R8=w92-h92-k-no","Le Louchebem","4,1","(3 481)","20–60 €","Française","·","","Note","Ajouter une note"
"https://lh3.googleusercontent.com/gps-cs-s/APNQkAEaRiaFE-MFWxDNG9rjk4ZAD8WXI5ZbneGxcJYwBMQyaOAGGCpWKFQYUikvJK_hXHsrA54LCsm_hkK7KE_Fdz5tDpphEl3b6tLxLsklEXN6XfCKfZutCcWRCfAhsnZ1Wke23Kb8cJRb2ZRZ=w80-h106-k-no","Chez Marius","4,5","(472)","20–70 €","Restaurant","·","","",""
"https://lh3.googleusercontent.com/gps-cs-s/APNQkAFkekeqgMlSNBy9NiW7LpSXsmiL27FhOxG09bNC5Eq-z2q7dxBeOYOFV-nW_TUmaLK25pOtgsrnMAZrbE2HDkbpWpkG42oZkNI42yVM0H2k24H2zbigB15Ilp7LQDQQOzAtM47Vaw=w137-h92-k-no","Restaurant À la maison","4,8","(660)","40–70 €","Restaurant","·","","",""
"https://lh3.googleusercontent.com/gps-cs-s/APNQkAEUAOwOSSgGHV0x7AJEuL70FoWfafL-zMVI-hY7XNEyeR9LVibY43yQ871Lc-59gd5pb-iBXy-IBxCX_rjMMzM2Sz1AybTujHILQO15-pdi-yqenfJnhaKpNRC0OGGrUcVOqXRIN_o08Tj4=w218-h92-k-no","Pacifique","4,0","(988)","20–30 €","Chinoise","·","","",""
"https://lh3.googleusercontent.com/gps-cs-s/APNQkAF8SfN8CsNo5PV43PG_vCZCzHvO5IKpQNxVOR8ebQRQrRlySvJ5WoCgZ2qzE0Co_hMI1KSO9IIMFfV1fiKB0-T5sRO-K_LahEirVfeWc6gDYHB_AJNdYIDWuryyQxsDXX6miOoF=w92-h92-k-no","Restaurant Le Céladon","4,4","(151)","50–90 €","Française","·","","",""
"https://lh3.googleusercontent.com/gps-cs-s/APNQkAHxpukcbRMcF8rxxIazR1-tNxs57sbOsyHSWtHPWw7oCFlhE1hYYbhWDXmy5nKxWaRoVxN_w_YK7KlyVGVFivJDR8sUmb1DAexOO0JqQ_cslNpQEn6i0l0uzs_yHpPvSPxkJMlDIvr4Q34=w80-h120-k-no","Orson","4,7","(182)","+ de 100 €","Restaurant","·","","Note","Ajouter une note"
"https://lh3.googleusercontent.com/gps-cs-s/APNQkAEs4CZJzJgXf-_oWHPtzwUE80sRRi1kS_CyTFRK6PRl7Ff1E4q0-YA2PfLdvV3_IrYgY4-fOTWxg1wNXgfnbXoCDWQVy2YM7ptjRzUUVUzvMO5vlExE78movDWU-ufcckwMxwdR6bN_ZZrq=w108-h92-k-no","El Mictlan","4,6","(183)","20–50 €","Mexicaine","·","","",""
"https://lh3.googleusercontent.com/gps-cs-s/APNQkAEMT34PA3xY7gfUtwdVD8g4_vSYAsZ_omzq8a85fZgkt1rJ9w1WXsrOpxVGOYSov6oh8WHSFgUkWTP3G0GVTzyIwzHtCEIoj2UzRXNBCf3mz4KK4bzsJbpXZ6O6jC-GsCdViCJitQ=w159-h92-k-no","L'Entente, Le British Brasserie","4,3","(1 840)","","","","","",""
"https://lh3.googleusercontent.com/gps-cs-s/APNQkAGQTKACHNsCVD68wrHMT3VRQqFSJYqQO3QDc_gLoMMBZQIskQa41WOplrTMgRlikEoeB8jTjWrtjlICYRRprV-78wiDXIHD_nuq9tHw_J-0x_UY3SaHnR3T836W_zLbnn9cq_Ki=w80-h106-k-no","On Restaurant","4,8","(221)","20–60 €","Coréenne","·","","Note","Ajouter une note"
"https://lh3.googleusercontent.com/gps-cs-s/APNQkAFVkyW1FzHPZ3Nrw78sY6EXAUJcDVZ1owJsbCB0mUcNv5f1s8dsU14ANmxSztZyDE4pxyYN5gKMqoLHJdQaQ59CyhQ8B-RzyCDdGJdR303oPTQwM1RPtbeJq8YEbTZJ72SjpsCodA=w122-h92-k-no","Menekse","4,9","(516)","20–30 €","Restaurant","·","","",""
"https://lh3.googleusercontent.com/gps-cs-s/APNQkAGZTOstz9LDS5VAa2gx2H4VY2QdCI9jV8YVK25qyP9o2oqVP8xFfYqmJF4uZ1gwWgnvxPnZwsC9YHH5V1eqzxLqeLMIqGY5UpI6va24nlaTNVZAwgq53jybc2wITHOiWLwR-RNxdQ=w163-h92-k-no","Le Louis XVI","4,4","(504)","","","","","Note","Ajouter une note"
"https://lh3.googleusercontent.com/gps-cs-s/APNQkAFzByAo0Kh-ZS8U2KHiL3L6ByRc0wXVvtDwEsLwEv6R7NT_p1gvqzbtZPJ1QxI16nPaFFc0dp3GQIu9ds6BC8UAVyA0kJUj7oRSXvp-OKAeb3gEEOOIXiBvnzZC8FXpAKkczTP5=w138-h92-k-no","Go Oun","4,5","(2 077)","20–30 €","Coréenne","·","","",""
"https://lh3.googleusercontent.com/gps-cs-s/APNQkAFfPGQ2eMOfJ0ZXqeKas9N4RaC0Zx1JSPMU6sRfgwYGLKuPYYa3xsCX9iVzorH0lQi0cH4Jaupxxbth1hxbou_EnPnAiN4joJau1rRQrlNrE_goN5aQnD1SMC_UWHWM09VDYRztANI7iSeU=w122-h92-k-no","Le Consulat Voltaire","4,4","(297)","Centre d'art","","","","",""
"https://lh3.googleusercontent.com/gps-cs-s/APNQkAFBepFUJLVmdGwFduIG_09-E14ynfCFUjAYqI4hRquwU5uFKPLE2zhp6rbG2A5P85dTsFAe0fR81IhtMsGEGBn1vwgEhS3gRBqqaaR7k6wdTsuF6ygR0AEwmIwL_8LLaUu19qJx=w80-h99-k-no","Brasserie Rosie","4,7","(7 872)","20–30 €","Brasserie","·","","",""
"https://lh3.googleusercontent.com/gps-cs-s/APNQkAHrh3tm8HoZpa29W9yZ6RkO_F8pjcE23QWwL8AIjALk84VYY_6oougLw_rLeQLykoDiCbTdRyl4FJSgibzAEOqYI4h9PGCkjMOC4nI-CZ5cYcNFBQ5sz7Ez6h3JtJtUJMc5oGt1_Q=w138-h92-k-no","Au top","4,0","(714)","Française","","","","",""
"https://lh3.googleusercontent.com/gps-cs-s/APNQkAHGWCkTXIRLrL_38D3eeMFQRxp5wE-NnX0vImyNSxS7aYdIsCBew9yTAdsrOTbPHPfyF7iCj4Xm74zMMtMFC7eDLwlbQxVGcOKguyaYM7mN91oUufOjziDzzreSoMoIWoSJ3LLz=w122-h92-k-no","JanTchi","4,4","(3 382)","20–30 €","Coréenne","·","","",""
"https://lh3.googleusercontent.com/gps-cs-s/APNQkAFpkfk7EVmj8suVAkQ11YD69rCxQQoPP1E1Q1qegNx2sBGBMWb_GvxgM7RcIruE41AILYCmc10aUq-MH6XAVpf4mUs6l7sIxfJ4vHWTKPi5bSj5Mbc39ZjhNSgFz5kA099m5mKV=w80-h106-k-no","Au P'tit Garage","4,5","(380)","1–10 €","Bar","·","","",""
"https://lh3.googleusercontent.com/gps-cs-s/APNQkAF0AMMVyI3dz74dLYzrMuyjQm29N4A13lHSu2eMzS0_XvetDDqoCa-VS9h2si517UxhnLnYq4DRVEo6pAVH8tRACjVvC7NUerxtDm0qtd_bEv81LeRZfsYbKdt0JcLeiUnBnKDF=w80-h106-k-no","Poni","4,8","(3 587)","20–30 €","Brasserie","·","","",""
"https://lh3.googleusercontent.com/gps-cs-s/APNQkAFPL5ibkuz5J9dUqCehmb7yxdabEu9n0cE4Mg7NX74MWhf6GuKrFmPUoQQ6hxqJKJWKC3O2uldhxhLpHTPB2z7Da7bQMeXgpp7lgIIgI6irBui4PUbgnh7CgFuIY0eeqcRzntmzIA=w122-h92-k-no","Le Hibou - Paris","4,0","(3 608)","20–70 €","Brasserie","·","","Note","Ajouter une note"
"https://lh3.googleusercontent.com/gps-cs-s/APNQkAHlMiXA8Osz62L8RhC8jJ21IjfRsUY4mA2dlhUa-u_pKWqJ_aZu3n6Q6Xi4yoG5I1rjMZpNfAUacl_NP0bZJ69MCEiKX4FCzmB8pGa72iK6EXJAz0jHbkNkzzJGwxQf0gQlVfJ-w00RCWVF=w103-h92-k-no","AVESTA - La cuisine authentique Kurde de Paris","4,7","(480)","10–20 €","Restaurant","·","","Note","Ajouter une note"
"https://lh3.googleusercontent.com/gps-cs-s/APNQkAGTk4OCvf5oTIPTLnvbu3HsLcBUtvrEAPLVnkK9RWfrQ4yQtskuPvWVimqNp2rFCoOEEY_b0Z4rbfGolwwiGnyWpZYFNjpLOQ1Xmv-Yvak4jIeKIwoEpbSml4NvBNZ-5UQ-ogqcQUukv_zs=w80-h106-k-no","Pide Paris","4,7","(1 209)","10–20 €","Turque","·","","Note","Ajouter une note"
"https://lh3.googleusercontent.com/gps-cs-s/APNQkAE_d6jw6y-VP334n8EzPIwnWtIm6Mjhcj53uT4USRodQi8w6OB35lhP05eME7dWY89WuY_sndKBBFM0pj2WgKQGzVRjSW5a_QII_DHEICtGNymUQPjqlAL7iMReLv5zwgwVxNZJ=w158-h92-k-no","Hanoï Cà Phê Opéra","4,3","(9 538)","20–30 €","Vietnamienne","·","","",""
"https://lh3.googleusercontent.com/gps-cs-s/APNQkAFowklICHpnAh21Qaaoxmv9RIywxVdb7ZnkhqBAyguY3UB4B-gHc5EGZ4zEp_kyb6BISUttgZdO-ngShGK0JuuYVJo_U8PVnOLPJqThI4h7l4K5TFHjdiaqv4vUZL5O9wuTnRtuVQ=w163-h92-k-no","Restaurant Godjo","4,4","(963)","20–30 €","Éthiopienne","·","","Note","Ajouter une note"
"https://lh3.googleusercontent.com/gps-cs-s/APNQkAGm1Qt7oLrEBnT6PG5PbGmgc9cSxb7v98DEL17UdN9v6qy0Obt47WdghWTgwEQxdk1WFOD_h-00IZ_cLXF14kZcMq8-1eEDYyLiqCxY0P9rJZFGlWNy4B31K-73MvWS_8fzlAotDqSz79ba=w122-h92-k-no","La Plume Rive Droite","4,4","(2 822)","+ de 100 €","Restaurant","·","","",""
"https://lh3.googleusercontent.com/gps-cs-s/APNQkAFj3gA7RGqTAWOdv8OsEPt4IELATYPyaKdHBEdDTqCPKSI5gYLwMc64hRkKvYXFm564akkbu1oBAuWJ8aFf8WizpG19SEa6LtrM7FMfuICYBn47umHCtmxvQ9J_pqZ7hcPeVqSW=w80-h99-k-no","Les Antiquaires","4,6","(11 576)","30–80 €","Bistro","·","","Note","Ajouter une note"
"https://lh3.googleusercontent.com/gps-cs-s/APNQkAHAluWmeY3nMwkYRYoUaVfxL7gNvxpNqCZtXqmqnpqbcSOmDGwmg53xSDlhmsbM6VuGkhQyFcwefr1SxEsT1d1YKChDVapp-jpaC0zDoLFXNUUawARCqbh45uohNMMrH914EeN5=w80-h100-k-no","Restaurant Akrame","4,5","(438)","+ de 100 €","Cuisine gastronomique","·","","",""
"https://lh3.googleusercontent.com/gps-cs-s/APNQkAEOM00P71JzSqzwZc3O73_G4iQMuIEN3F2O05W5K7nrvLqN9GsA1ypWY0frvks89NU4fEC622Zdry8p5rHBxN4me2hK6PHpb7M8fmLcfDdCNcL-exC9cRVvSvNwF51S2T-R2MzV=w80-h119-k-no","Meïda","4,6","(6 742)","30–50 €","Méditerranéenne","·","","",""
"https://lh3.googleusercontent.com/gps-cs-s/APNQkAFmCdqMfPp7dYc9sLrG0OZC3GEjoRN6EwLLh8OVAl-SGDX4zx0wRLHNRHNJ0e5Ix8-Nht8-XikhresvpYQgSvnucgey5SApY1h0Bmqq7mcdcaay523dZnhAVcchqHWI41J13dyindkFiKd4=w138-h92-k-no","MÛRE","4,8","(292)","10–20 €","Bio","·","","",""
"https://lh3.googleusercontent.com/gps-cs-s/APNQkAH5VB50xj6NHBgqVsEk1nlOzG8lIr-2AR5XB9b48WrOqBdcxbn48Qyub5piXoP7gJgCx0YxFPAb_-3M9ic2azLzG8hYm-PzsmvRhcK4Ic48uZ8KHs_hYeE6i74XBQXrCo0DXWGG=w138-h92-k-no","Kino Meeting Point","4,6","(841)","Cinéma","","","","Note","Ajouter une note"
"https://lh3.googleusercontent.com/gps-cs-s/APNQkAETAvxVbVByYCD0ZkXBF_m7NKRdwUAwOnqhoXXgI3StRLT9A73TAu88xZCUFktt5lLY3b6x-qUnOoC1JSjKkN_j4Af8HsMcj4-bVIf7ViBgjOBu51SQrLRQ8xVnYKa9XJ3Ppjgn=w80-h100-k-no","El Guacamole République","4,3","(3 208)","10–20 €","Mexicaine","·","","",""
"https://lh3.googleusercontent.com/gps-cs-s/APNQkAF0y32bk3adIExna3P4mN4no-0LgtKkSjsSDN1ew7apEnxhWLNOx7EfLcc6GKgz_1uURViWjD5-P89hVwppVBddcVmZff3Lgn4Yy9AzpnEux-8x95NkvSZ3jzKm-aiMmvHkxSbJ=w184-h92-k-no","Navigli - Restaurant Italien","4,1","(3 627)","20–30 €","Italienne","·","","Note","Ajouter une note"
"https://lh3.googleusercontent.com/gps-cs-s/APNQkAHxfzLpmO0pPADUdOcLod8U17aOuDHXesjNv6TsuIckMmbIBEZ5_ZrjMBB9FeXxp1E90BFYn3-RMKfIeMWqMaaAg84h5zrS5P6FAzPV2GXcCcvnXT_yzcP8gPBNGfliXl3_Cyertw=w98-h92-k-no","Le Petit Cambodge","4,9","(2 422)","20–30 €","Cambodgienne","·","","Note","Ajouter une note"
"https://lh3.googleusercontent.com/gps-cs-s/APNQkAEoabmYzigRUfLAJ2UvaCga_bdEoRvaDrxAMIJtb8YGMRu3kayMV8NLG5dFJgOufE2s9oLLeRd2AF_BvqN12GhJiirCBOMKD8sM3S6YQ1yhxzY8CCcb1Ovr31aA7kVQycDQ_mn5mynYDyM=w137-h92-k-no","Deegha Cuisine Indienne","4,9","(267)","10–20 €","Plats indiens à emporter","·","","Note","Ajouter une note"
"https://lh3.googleusercontent.com/gps-cs-s/APNQkAFAX6JEMC82yY3asRjlyV1HZBV0oRxrjubs96IlgcNucrKE1Zi5ke9M6Uz4ZB3kW2-QIOLItE0c7f7p7jtyyZOISSkMUziq8xez7ywcizAdqzXPi5DqHx9K_1UJCLWBd5TH-76m7iLaHqk=w140-h92-k-no","Bar Lumen","4,6","(43)","10–20 €","Bar à cocktails","·","","Note","Ajouter une note"
"https://lh3.googleusercontent.com/gps-cs-s/APNQkAFlz9WzKJVhgoJN_rs9ekbWTAlVBwTFE6f5y5dGfWvnp3Dg1Q_qJWwaIOQvoytxwmGQ51ULqIKA_pkX0k8tsXYjqrIm6wLu91g3V3X9MDHB1j2Vkpsy26hkbEDbgx1uqXqO0kMVqA=w80-h106-k-no","Ten Ten Ten - la boutique de Madame Saké","5,0","(6)","Magasin de vins et spiritueux","","","","Note","Ajouter une note"
"https://lh3.googleusercontent.com/gps-cs-s/APNQkAHyTGeRGXI935KSImZNx6joXZiDCuACMcaqIyyFuS5wrPsrFdSTrkrm5ynlv6WY1G5TL9V42pB2SUxwQ8oW0-EMb9R14kCZwZkDLqbciW2bM8P2Q3Mad54jApSNSlU-ferhHr4cdI6fvN-R=w80-h120-k-no","Tarántula Paris","4,3","(180)","40–80 €","Restaurant","·","","",""
"https://lh3.googleusercontent.com/gps-cs-s/APNQkAHPe5eYNXX8dOKenqy4VK2R93o5ncfFbt-YKw_V7ZkDS9v1uKSrjNjdohrBQD53WBs_-z99crMxJEvwh_cl38Cn7BjR-GFVXoJxRPu7dZYogNA2_pBiTYR9UxzpmdG6QN-wXnkckw=w163-h92-k-no","Yo","4,6","(575)","30–50 €","Thaï","·","","",""
"https://lh3.googleusercontent.com/gps-cs-s/APNQkAHWQhroPbicUAkaM6e_rRfKqgMj3TjLiOrurjfwmMKQ0Rs_X_zld9tbwD90yFQjSCgDP3yj_fUPG9LqYzbh8gRMAWjuPMb_x3jIupCYWKamK-1S047M-rpcldckNukL6fga7uy-RjaiHi4=w138-h92-k-no","No Scrum No Win - Bar Rugby","4,7","(490)","20–30 €","Bar sportif","·","","Note","Ajouter une note"
"https://lh3.googleusercontent.com/gps-cs-s/APNQkAGMhM7og7Nh1VzuD3QUz1EdvHDAra4eN6wex89UFmY9f4iIIIT2XhS38yU2zeRdHjVmYeMsBouaRPyhF7nNhL0L4LiFzXA6Zj07flAWmnerB9jmWkzTeoX4YZlN7VG11RX-7bmhUA=w80-h119-k-no","La Renommée","4,7","(620)","+ de 100 €","Française","·","","",""
"https://lh3.googleusercontent.com/gps-cs-s/APNQkAHPMxPOCY2as1JKrst7HGSKdfgqwF4_YzAO1ffx6S-_jf6yFLf2fbnslMhQ6O4_NLU-0tzZkaNo_6mqbLmxZwLt1m6ETm3sMC2Z37wW-EoJpcEo5YbqcR26udKDLBoQQ7HOZE4OAA=w163-h92-k-no","The Hood Paris","4,6","(2 201)","20–30 €","Café","·","","",""
"https://lh3.googleusercontent.com/gps-cs-s/APNQkAE39qRLRBiVAzfg9b1PIekBHPk0VYqvpqifQ0TZI4SF253d36NtSFa82m7ovo0I1SBHSqrxLJ7voP33107b1RBwTcxhSLAqqJ-GpxNoQ-m_SrrrRGb51Q87hSZt-g5MUaCAC5BduCnG_CZG=w138-h92-k-no","SOKCHO 牛者","4,6","(1 794)","40–80 €","Restaurant japonais de viandes grillées","·","","",""
"https://lh3.googleusercontent.com/gps-cs-s/APNQkAFr6p4udu9I_97xeniynOT_hfhVOMX05aGUWwDqRAZGSnkVXyoluitwhmae1jg-x6iyhhh9ZrRC-ta04sbkqfl5mXo1FC31jpS-wGS7uW0GF7jSpJGLjKxvCUj9YHkIKE5dneZMfw=w133-h92-k-no","Partisan Café Artisanal","4,3","(1 815)","1–10 €","Café","·","","Note","Ajouter une note"
"https://lh3.googleusercontent.com/gps-cs-s/APNQkAFZqbRqbmUMBsHzMDlcxw12K_NPAab0RgZ5NtfkfASnhLE3u0GWSYyxT3D0j_iK_ACHA2-DStOGmwuD-HeCsH-UzA1VDzjjrEs99_-kL05JHlhVT3A6r9tA4mhz39ISOjO-hL05=w122-h92-k-no","Express de Lyon","4,5","(1 581)","10–20 €","Brasserie","·","","Note","Ajouter une note"
"https://lh3.googleusercontent.com/gps-cs-s/APNQkAFcvCLtbiP_-vvaY8G9W_Oi7lSU3zST5hVmWohL-CytCIQTZt8GxoZ634kywSVTimJdMBqFsAwz7G6W5c-a8fcMgoaYwKQEFK7WJ0lMVYIQbuvuT1-2JcLiHDRoLq03GBPVsp5a=w139-h92-k-no","DAROCO 16","4,2","(1 515)","","","","","Note","Ajouter une note"
"https://lh3.googleusercontent.com/gps-cs-s/APNQkAEa-EPuXHugIcIkOME_NvgYM3f-XZ4rNM4AGoYDI3EroJzA2ahQ9K3l6pMqSP7cO8RNDObyreVt7DUmuHwyag8swcA81uorrEmgYYQ_2qJQmbHCIF0lNksnqG2w6hZ6lDbxa4CkjQ=w80-h100-k-no","Les Amis Des Messina","4,4","(1 941)","20–30 €","Restaurant sicilien","·","","",""
"https://lh3.googleusercontent.com/gps-cs-s/APNQkAGde3ruNLwKuDLMRe6IZX3htfN09O79ZDcuQtM3Z32PxSN151k30DUMi_p8vu71Dzo7aSGrMfmiga1c_0ifYctNQVkrdW4r6Ty_yrCdWgK_W_FJDPkOEVOyWKMVav2fh3twTXEO=w163-h92-k-no","Yoru Paris 夜","4,3","(5 028)","20–60 €","Japonaise","·","","Note","Ajouter une note"
"https://lh3.googleusercontent.com/gps-cs-s/APNQkAFVy0LO7oWXNylFJLuoO2Rk_DGKZZ1P19MX9-bTSp4I43k1mPbGYtrYNmMhufMEPqZikX3ffIJ0PlktNvm4BjS9SY2AaluH_-8ntSVAejinUdAQdFzhg9DE2bxsXhQ1eRdKyv8=w137-h92-k-no","Eunoé","4,8","(916)","30–80 €","Restaurant","·","","",""
"https://lh3.googleusercontent.com/gps-cs-s/APNQkAHPaMSIikXqRUFWqBxtrm-yxsWnr01B1ndPKkC7JgpBXEOPnnZOeeKYETVXf2FoHgS34D1x8oCOvfGn_BlUz6uEBl-uFIc5aiC3Iaa7_L6ycqVrcYVwcDYqiTh525K8rn9qyljf9yMoZBi1=w138-h92-k-no","Stellar by Ephemera","4,8","(20 924)","20–40 €","Restaurant","·","","",""
"https://lh3.googleusercontent.com/gps-cs-s/APNQkAEFNcLyK_OEbByx9j-nLhrpilEXyOptH4A4kbuPbCCBE2iL72Kw0QnyUOuit57ONe8VJa1Ideds7WH-gW59TGc1ggkKvavhYDTZR8PcMZepW0CL62dB7g0nd87yiaJ0Z_5BsY20=w143-h92-k-no","Le Bistrot du Peintre","4,4","(933)","20–30 €","Restaurant","·","","",""
"https://lh3.googleusercontent.com/gps-cs-s/APNQkAFWfJcn6MFmwP787JN_FfgFzMVOjs2gzF07uZUMjs6a1MeRezSJuQqWXvZNUmRu-sLfqJvg4yh1ycnR6g9n2PUBnn4VDsbncWIwYJc8pLPuST3PW3ioi_dVBIU6rKSWITTlYh0kyZOb6Xbb=w80-h120-k-no","Le Bar Chaumont","4,8","(124)","10–20 €","Bar à cocktails","·","","",""
"https://lh3.googleusercontent.com/gps-cs-s/APNQkAFmtc0SoPX2WF7YS_incbBnUxUosmUnrkdETEZNqQ02HQVl78ZYEwKO2hRh94O4INaNi1yMIj8vK121ai8a5n1mfH6CN0M-zS4IXCfU8y_a4Fz0YqfVyd2k8QGvW1cOikAqmxXWcg=w122-h92-k-no","Qasti, Pâtisserie libanaise","4,3","(294)","1–10 €","Libanaise","·","","",""
"https://lh3.googleusercontent.com/gps-cs-s/APNQkAFd67ibl2PPR3eIBDSLpqrFYx4lYWqI-wceadFRtM2vbpowglAlmXU-VwTWXaVw2Z5265E0xjchXSdpWYOvzlmjD78S-d1SB420xdAJt31v26YMnfV4b3im4xzDmyj-bZxlKeDZ=w122-h92-k-no","Le Square - Restaurant Paparazzi","3,9","(1 094)","20–60 €","Italienne","·","","",""
"https://lh3.googleusercontent.com/gps-cs-s/APNQkAETKMZWS-I18of4p2ZakCPj99y1-vgdYNdUVt7b06iF7s7PNa-wy9smVqwsdK1C7yvvvXciO2OSuBMW70vE10nKKHXUiX0R4J0MjMh5rnt0nc9_wKpQrvOAz9cSgX8AfKwngNyV=w80-h106-k-no","To Restaurant Paris","4,4","(2 774)","","","","","",""
"https://lh3.googleusercontent.com/gps-cs-s/APNQkAGaCpffuQo14sOLlLtsCjFuhedCdBMDC0Fc6a7-nm_K8gqRpZl0irr2CoOHYZhGikTsP584QNAUH5mqX7ndaskYxkhashGKJrLvYwRY-c0gSjQsabwmgvjev9zgJJzJxviGxco=w138-h92-k-no","Maison Revka","4,2","(1 411)","+ de 100 €","Gastronomie française","·","","",""
"https://lh3.googleusercontent.com/gps-cs-s/APNQkAGYVbqlOmHv_LKHSoER3eTwAR_nzwQ2u1mMwA8f-DC7zgISskyvTgEjTp5n2fWnSF1io71hvx9Ka6CVAORYuZY4AIMhxqTB-YFzSS6kuUF9677Wozt7Bjkp2xxaHVdllhUfWHE=w80-h106-k-no","Ristorante National","4,2","(443)","20–80 €","Italienne","·","","",""
"https://lh3.googleusercontent.com/gps-cs-s/APNQkAF1imQeYi8ioIl95Qj5-KiaTpcgRDEZq6OGt4aD80fy8FLUG_LW2p0_WBjnCJPfOZ7TCCkOQPRyg91zILzAfSGl6UjgBncg1I9QhZPcxbkVRE64JR_k7vbsYMKisHTnSNhDvW3Fu3z6s__N=w138-h92-k-no","Le 404","4,3","(1 880)","20–60 €","Marocaine","·","","",""
"https://lh3.googleusercontent.com/gps-cs-s/APNQkAE3jpnFhghscTd_yOsgcgwFo2KWQcgC0_idWBm4MghITCA2KVLZBZMvIXO0nIh2rIP6ntrX517jhsOjplI-MZse_4ntmJiNBbuoGZFKYyu1noCF4yAYPKGGOPK0oEwfVX-wVNrJ=w92-h92-k-no","Brasserie Croix de Chavaux","4,8","(231)","10–20 €","Microbrasserie","·","","",""
"https://lh3.googleusercontent.com/gps-cs-s/APNQkAHX6HcJmTDUQsD_gKsycY1iOeXLUc5J3CDXqkeNN7kkWS5OJ47Qt3kwD11l6FIhU_1EDyhPRd_iag-ez1V1oSlW-VqeNjyVmA9PqN9JKUtZot1IliJqp9tGWDSPbhuQ64ZemyM=w80-h116-k-no","Suan Thaï","4,4","(1 675)","20–30 €","Thaï","·","","Note","Ajouter une note"
"https://lh3.googleusercontent.com/gps-cs-s/APNQkAFHL78frycCPH0fhBbCgOtX_GIagjIhh3NO_RGwhWnTfvzDCBaNYpU7eVGC7PKCDhayBH1LxRZPqOh10i09WXn9OLy22ONYVaKaBW0a07iwzjJbcTNrvowkrrEiT4U8bJBrXktb=w80-h106-k-no","Sushi-B","4,7","(536)","+ de 100 €","Sushis","·","","",""
"https://lh3.googleusercontent.com/gps-cs-s/APNQkAFQOFtorYRrUM1XoZzhcUecMODelrR3yunAsaZ64_qRkGeGXIvo0zu6MfnSFbY2xEZuty9tOPdO66nJPPDbLwvfTOoXet6X8V4HVcTCD3P2l7Mzb8hf-TCG_WKtmTfcxO-VA5om=w163-h92-k-no","Ebis","4,6","(776)","20–60 €","Fusion asiatique","·","","",""
"https://lh3.googleusercontent.com/gps-cs-s/APNQkAE0A0g1iBxqn2qtHeHTmJ_lQj2K5o2bOs7MxUc6D3N-F7oyAJBq-0UhPKwulnW-GubA2N4vYPpcTvVBhoh7mwLb7H4DCVtX1VaJkCyhLNAou6OymI-A9-C9-5vJ1saYr36ao1rdZQ=w136-h92-k-no","Chimère","4,7","(345)","30–70 €","Restaurant","·","","Note","Ajouter une note"
"https://lh3.googleusercontent.com/gps-cs-s/APNQkAFuG-vtJN-86YPAEg0mIIulOb3RJ0LE-M9tYPYvL-4PYNGcCQVZsvGu1BqEHKwoK2RPy3wY28MNibzJ52tCRDIb38f91ssCsQpWmkOBqOfGVVtdjO9IUUJBUhq6LFw6YklJV6qOlA=w174-h92-k-no","L'Auberge Café","4,0","(148)","","","","","Note","Ajouter une note"
"https://lh3.googleusercontent.com/gps-cs-s/APNQkAG1KFq8lvNeB_jUC5-y6zGaxfug8aYKbOIbTtHayaQBjSMipIY_fQ4jckCxdgS49VxhyHwrP9di_KF1qy7-cppMBm83D5NCVHqBc6AT_2J5EkArtH2L_Nj4XIXeEE6quisKIbBB=w122-h92-k-no","Siam Bangkok","4,4","(517)","20–30 €","Thaï","·","","",""
"https://lh3.googleusercontent.com/gps-cs-s/APNQkAGM4TWabpIspvRJYCptDJ4GwcHyio9O9sxNbE6F1b6_C3lwh4gX8KuPhWX98LoGRRzbwFQB9kH5kFg0qe81HkPZPbL2dbG6SlipjcWWY4C0UfGWsKN8M6Rq1R6vY9cduOZeofaIcqQhuUI=w138-h92-k-no","Brique Machine - Paris 2","4,5","(10 865)","20–30 €","Buffet","·","","",""
"https://lh3.googleusercontent.com/gps-cs-s/APNQkAHZSYOcUvEqQXr1Z3dY9_w0wEIgIm7M7Dq2iMAvcnSaD0vvWxeGBL9_I7XP_OdztwS2POY366Qv9ECEdRNtGT6hhirnYOkDRfJnHyhGUvBf16JAfcGjxMA5MxTb_opOd1Jj3YgV5g=w138-h92-k-no","JJAN! 짠","4,3","(3 634)","20–30 €","Coréenne","·","","",""
"https://lh3.googleusercontent.com/gps-cs-s/APNQkAEDbo7Csai3c7IyB0Vr70fUW6FL0mtPg_Winu7ZbqPLuCHt-IKis8lV2LcxR43G7VVg6ZJVONjo8jFJoghLyQiyw4ck-Xjq6jAZIHs8hC8PJdy3QgMyHbU59xOsKl9WSpJZAgb3eA=w163-h92-k-no","Restaurant WOKUP","4,0","(467)","10–20 €","Restaurant chinois","·","","",""
"https://lh3.googleusercontent.com/gps-cs-s/APNQkAFAStCYXLBB-5Y7BZSO_tXZKPW3KxFG6umTE72jNiA9-w00oEiML_2o4w6gl_C5-Qx_g28e1IZ7HPxBisCk5MIRYwXyizgJw_1ge_EZkU0hsbXBWzRl4MwEVcFTqnve2oVW3uxB=w138-h92-k-no","Dar Mima","3,4","(3 735)","40–100 €","Moyenne-orientale","·","","",""
"https://lh3.googleusercontent.com/gps-cs-s/APNQkAGWVOxLsUsbuzgLwH2SAPYxj7sPxMajmwzuqqcDOGLkmTSVRmYJRjn5d-JTcOikmdzcsdaYIcrZ_QrPIVoGVT_9p6JIH2ZtWkQxEGWXojT2mWfFuyUz4wN-Ou4UmtWtKADHJBfkeg=w138-h92-k-no","Atelier du veau","4,6","(231)","","","","","",""
"https://lh3.googleusercontent.com/gps-cs-s/APNQkAFn0ixQ0DPjiSLax7qfArpLnOZQS3dySWB7i0vcptLNaJLU_IrQzybJlegB969Yg10z1hB6xG4ADAUfQXOxlyldHkKTfSVqj_qWNATkR3n2Qq7iTRt_TmbegBB8B-UeleU7mzg2EQOPAK-V=w138-h92-k-no","Loup","4,3","(2 770)","20–30 €","Française","·","","",""
"https://lh3.googleusercontent.com/gps-cs-s/APNQkAEyBmkW5axqw25-pFscFFOIlB80Li5FN1SUQY6MdMQKzNX4jY-x3XjxKITy7craCOuUxXGLnQXvoYEdFtOpwNW5nLarlcenJW3OMUnFd9fPGXaX-1XehWPy8j4IG9k_LkqpsXGXHw=w112-h92-k-no","Le Grand Colbert","4,2","(3 338)","40–100 €","Brasserie","·","","",""
"https://lh3.googleusercontent.com/gps-cs-s/APNQkAG-QOeEynazqF2q2iZcxESrwdQZpayXzF88Bfcc9Gcyj6UqMEsJsbLHsGR8iuFYJlqJDIqbcIzimD-V1NAYspdnEWTyj36v6heWMqOWbkjHousXJre5w2qcI7BtJOIm5oqPY3ZV=w137-h92-k-no","Kodawari Ramen (Tsukiji)","4,4","(12 355)","20–30 €","Ramen","·","","",""
"https://lh3.googleusercontent.com/gps-cs-s/APNQkAGkd4qsuf_IDfVe3pB0jr0JFKZtM6Us-oiFrsWzgzwoW118OUokmA3MPcc92Q1Dcsc2H_06BPlzh1lIZKg0FCUZ1v2Y2WeeHZc3aDRk5zcN4tVT65GMhvINWNvioqVL0cco-wdSkPT4WUSs=w137-h92-k-no","BRASSERIE LE TAMBOUR","4,1","(2 767)","10–30 €","Restaurant","·","","Note","Ajouter une note"
"https://lh3.googleusercontent.com/gps-cs-s/APNQkAFry80-FX2eZtHQk4eD3Ug109tv12_nCY960gloMJw87udmwf3AaZDcu0eEM9_RJ6oUlfJTX1j5SFymADpMRYZfBHVc8dbfEOorkwkXw5OhycabfXSTpK9Wd49m0MwabRQNs0AAm0r0GFTS=w138-h92-k-no","Le Général","4,1","(1 587)","20–50 €","Restaurant","·","","",""
"https://lh3.googleusercontent.com/gps-cs-s/APNQkAGa-k3PY8u_0vpB6zh7esUzotIMu0yMnBrShj8DY5IEnRI6xWKXUZDdmKYb6W54XpXQTi5TfmNpaJvl23HthpR0UvfxEyf-SxoVRJpoV1zGT26rJ-Zp0NdkAyBvZC-YUzWHiIs54QSi3Bh1=w80-h120-k-no","Pendino","4,3","(2 061)","20–30 €","Italienne","·","","",""
"https://lh3.googleusercontent.com/gps-cs-s/APNQkAGwOqvr-QuWCR5pfR8NLjUEcUIwIPbgKOT2CF9ENuSzuQ7F_0MXLi8DVD1R827i9FBkEchn5r7wZhAhDjy-P3SHEjERHifv3loCcJ1Q0U_nayaWJvupRsPaNcZIOEZnK1v8=w163-h92-k-no","Kodawari Ramen (Yokochō)","4,5","(16 623)","20–30 €","Ramen","·","","",""
"https://lh3.googleusercontent.com/gps-cs-s/APNQkAHsFFhyCNpljcG6K_ulJbGnfLiPxPA2PwAbkr_fqIIPcZaWaTb0Nwo0dKxqsFdFI1Sa5UY5pXi4f8rBzwdjMgNz9A6ro2PsN-XHPdQnMBZkuoEdb9G9kx5aXj7gw5p3JDAtESl4=w80-h106-k-no","Jòia Bun par Hélène Darroze","3,6","(236)","","","","","",""
"https://lh3.googleusercontent.com/gps-cs-s/APNQkAGz_qFLek9W8U05qXdS34bQR5pvbLdTE0lNve4iF8E2PbEFB2SGg-GyCfTxooZgREbd1gac5hgMQV4Pb28wt8X553ttv8-k8gqUS-A_3btBXxnqcuhARQ10JvtKuaDuuf_F_WkR=w122-h92-k-no","Zaza par Yoni Saada","4,5","(411)","10–20 €","Méditerranéenne","·","","",""
"https://lh3.googleusercontent.com/gps-cs-s/APNQkAGMBqOxqBOVgnTr2tXlU3VkUUWZhqy_ZwKnvgK5ZySaGWNGm8P6SxkcF98hJfArLpuwHKYN8mlA4aQuQkMzRD0vHCk53hdhXaVs5EaSmJYh0fawc_frA-hFpG_fXd6YQjP_Iir_iRPktS8=w132-h92-k-no","Café Blanc","4,3","(2 542)","20–40 €","Française","·","","Note","Ajouter une note"
"https://lh3.googleusercontent.com/gps-cs-s/APNQkAE3xQ0VkxcVaAuYaNrE4yf1pExMR5PpjcTP3aWWVPeGHQwtfD72NkbRrwrfa487O5bRjpjwvS2LbyVDfY2T__Qq7PKM25yntrtVpm5xPVciQpp6bBJ7Ug2MdlIOiqi0eRYg90VG=w122-h92-k-no","Brasserie Dubillot","4,7","(10 222)","20–30 €","Française","·","","Note","Ajouter une note"
"https://lh3.googleusercontent.com/gps-cs-s/APNQkAFWpc_CLpjzm438V0uA6yQyuO6UuK3QgVcrLAlOGvG1n2qpQiUCF-BZHa_MpASY6_KuOQZc0mx9KJDFZbc2rWVEyTRlD66LOYRevCbARgVH_vr1u3JtDai4Qn3DJX9iZKh8xuZNi3vPiw8=w137-h92-k-no","La Mezcaleria Paris","4,1","(980)","10–20 €","Bar","·","","Note","Ajouter une note"
"https://lh3.googleusercontent.com/gps-cs-s/APNQkAFYMwt8kyoevhVtd0APAwT-2bFUMDyQtDxCacrNYd5yN5stEXFZiocgsCnZYza_I-tuaxjDchbP-Ua154eVm-stOG0aluT_KGSqtIoX13dxAvJWOqYVcH35wOQ2NIDFVBk9fF6xvXYsHZY=w137-h92-k-no","Moonshiner","4,5","(2 714)","10–20 €","Bar à cocktails","·","","Note","Ajouter une note"
"https://lh3.googleusercontent.com/gps-cs-s/APNQkAFseyLmgK1ouPkuxK3fZ9wAOowiV7cpQ0XEtxhWcJOb5pRDfLDlcmV0iOccd8a7L6-O6g5gJMxGrAzEtUoAWpiENtQuQfKJVHfJR1jAM61UVxomiR9_24D4Cny96sL_xfI37obV=w163-h92-k-no","Le 1905","4,6","(436)","10–30 €","Bar à cocktails","·","","Note","Ajouter une note"
"https://lh3.googleusercontent.com/gps-cs-s/APNQkAGEiedDBXVaJimFzBz_FKpFCIyRp-gSsNzEwOylif_SjBxEgHBkTX8qe1aOrfF86Hy3ee4W_aUoY3KeymZ-DORjQYBJC6mqkGBu_B6hLHKlcw7dEldPYeIc8ztDeYiByPSbWzOd=w80-h106-k-no","LA JAJA","4,6","(129)","10–20 €","Bar","·","","Note","Ajouter une note"
"https://lh3.googleusercontent.com/gps-cs-s/APNQkAFS26gznfouPJlvhXCs11qp0SYv3LKrIRtdAwh_cJlag-fBErzgAhhFZ9AGTd4BhcT0hBK5hlPB1JEf5DmYq3RvVDc1jDbbKlEZxEJ8dAkytxy6eKTP2NS-1AtDd78xuImWD0WtuA=w137-h92-k-no","Griffon","4,2","(1 191)","20–30 €","Restaurant","·","","",""
"https://lh3.googleusercontent.com/gps-cs-s/APNQkAHg_T6f57X5-VfpA1nE_-sFssnRFPeYpOlswOnIcfZ1_ilWu6YLt-fNUv77peutSIUcZDHRKKjYHAZefb_25IiUHYyBzD4ZxMrMjlSDMApc8cvGeIOw2QIGeHlFT9uDo-VA4gqMgw=w122-h92-k-no","Les 4 soupes","4,4","(95)","","","","","Note","Ajouter une note"
"https://lh3.googleusercontent.com/gps-cs-s/APNQkAGu17tjsoVG-dPH2KTC4vOC9PTXQ35viENXY144ItuN-ZDqJQ_xUQHevjwl8L7bNmpvtUO8WlwJxnBhhnoWs647MZDD9yP4MBGdo3tw6inCS7tXeBs3FP1s7wA6wxGWtZeMO1RE=w163-h92-k-no","Baan Issan","4,7","(593)","20–30 €","Thaï","·","","Note","Ajouter une note"
"https://lh3.googleusercontent.com/gps-cs-s/APNQkAFpMy9LhFE9sOJ4XvKtrnNNmYisCiGGNAaweBTeUZwk7Ew5wBc7N5KhC7BjpQaJTZWlVaVwZs1ntAsotkGr2nwU353RFOw2f6Mnj3nrBVHFDtZjMrmVPTHmffjvMXcAfz7H2Vuwzw=w138-h92-k-no","Le Village","4,3","(1 831)","10–60 €","Restaurant","·","","",""
"https://lh3.googleusercontent.com/gps-cs-s/APNQkAF9RTsSwQKcznEKw9XhfZAGgb4D0SdjuGTdxDW6A3VHe2PECz5R0s0wxqbr1lAooSXJVzx2Kaf5lSRE_5IqLm6UknyXAO2gQm1eW2oNU1hQxZ5r8XQiNaMMb8WFuWqWGClKZX1C=w80-h120-k-no","Cheper","4,0","(671)","","","","","",""
"https://lh3.googleusercontent.com/gps-cs-s/APNQkAFv8zf8UdZ6HibyrlEbXc95uAAaVQPzF86HKkXHw4FZm8RJHyJX7EnLa-v2JJ1yvHySnLPMp_BW1liK-lGETIZzognBJVpji0SURFtlz2SOPoiyUlt_ywoPLwQJZldz1YP2fgRT=w80-h119-k-no","Fabula","3,7","(1 072)","20–80 €","Restaurant","·","","",""
"https://lh3.googleusercontent.com/gps-cs-s/APNQkAErLT0I3zfimycSN2j3KrcFwx2LjjLASXZC7GSifiQbJDS9i2QyRyBwFU5uEyYU2TcyWEDSSuxzaiRITDHmXgdvED0J3ID8DajBsX_wa5O7P5jcDLL3IUiPKqAZrqydufT3G9es=w163-h92-k-no","Clark Hot Dog","4,7","(610)","1–10 €","Stand de hot-dog","·","","",""
"https://lh3.googleusercontent.com/gps-cs-s/APNQkAFce5o1_pLmvbOSIokiFeRO_apSPmxHj2ThK147pfUa6QovD1I-p8fRyNOnbp3EQfhBEGPgQ9O3D9MYyFy-2E6RCk8PROtMUEy7fID2sIkOhaB6CjR9jzpymEMNRp4zmU_R3I1L=w137-h92-k-no","Le Petit Dakar","4,5","(732)","20–30 €","Spécialités d'Afrique de l'Ouest","·","","Note","Ajouter une note"
"https://lh3.googleusercontent.com/gps-cs-s/APNQkAFwv27CVxyZiqtRkP--iN_Ts3a78r0MkNdRVULTUah4hLzbZyzVgj-fjb-IE6IFC7V1wG9S15dLy-hriwwiNxktXWkTXp_PUpAABZlURa_T2FSjyz4-barZw4Efgwmya2Im9oY=w122-h92-k-no","Miznon Paris","4,3","(3 162)","10–20 €","Méditerranéenne","·","","Note","Ajouter une note"